ï»¿Sentence,Stimulus,Transcription Rater 1,Score,My_Automated_Score,Participant_ID
1.0,Quiero cortarme el pelo (7),Quiero cortarme el pelo,,4,38001-1A
2.0,El libro estÃ¡ en la mesa (7),El libro estÃ¡ en la mesa,,4,38001-1A
3.0,El carro lo tiene Pedro (8),El carro lo tiene Pedro,,4,38001-1A
4.0,El se ducha cada maÃ±ana (9),El se ducha cada maÃ±ana,,4,38001-1A
5.0,Â¿QuÃ© dice usted que va a hacer hoy? (9),Que dices ustedes se que van a hacer hoy?,,3,38001-1A
6.0,Dudo que sepa manejar muy bien (10),Dudo que sepa manajar bien,,3,38001-1A
7.0,Las calles de esta ciudad son muy anchas (11),Las calles de esta cuidad son muy anchas,,3,38001-1A
8.0,Puede que llueva maÃ±ana todo el dÃ­a (12),Puede que lleva maÃ±ana todo el dÃ­a,,3,38001-1A
9.0,Las casas son muy bonitas pero caras (12),Las casas son muy bonitas pero muy cadas,,3,38001-1A
10.0,Me gustan las pelÃ­culas que acaban bien (12),Me gustan las peliculas que acaban bien,,3,38001-1A
11.0,El chico con el que yo salgo es espaÃ±ol (13),El chico con yo salgo ...um.. estÃ¡ bien,,2,38001-1A
12.0,DespuÃ©s de cenar me fui a dormir tranquilo (13),Despues de cenar me fui a dormir tranquilo,,3,38001-1A
13.0,Quiero una casa en la que vivan mis animales (14),Quiero una casa que vivan los animales,,3,38001-1A
14.0,A nosotros nos fascinan las fiestas grandiosas (14),A nosotros ..nos fascina los fiestas grandiosos,,3,38001-1A
15.0,Ella sÃ³lo bebe cerveza y no come nada (15),Ella solo bebe cerveza y no come nada,,3,38001-1A
16.0,Me gustarÃ­a que el precio de las casas bajara (15),Me gustarÃ­a que las precios de las casas bajaron,,3,38001-1A
17.0,Cruza a la derecha y despuÃ©s sigue todo recto (15),Cruza a la derecha y sigue a la izquierda,,2,38001-1A
18.0,Ella ha terminado de pintar su apartamento (15),Ella ha terminado pintando su apartamento,,3,38001-1A
19.0,Me gustarÃ­a que empezara a hacer mÃ¡s calor pronto (15),Me gustarÃ­a se .. mÃ¡s calor,,2,38001-1A
20.0,El niÃ±o al que se le muriÃ³ el gato estÃ¡ triste (16),El niÃ±o que se muriÃ³ su gato es triste,,3,38001-1A
21.0,Una amiga mÃ­a cuida a los niÃ±os de mi vecino (16),una amiga de mio cuida su... niÃ±os de vecino,,2,38001-1A
22.0,El gato que era negro fue perseguido por el perro (16),El gato que era negro era perseguido de(l) perro,,3,38001-1A
23.0,Antes de poder salir Ã©l tiene que limpiar su cuarto (16),Antes de salir el tiene que limpiar su cuarto,,3,38001-1A
24.0,La cantidad de personas que fuman ha disminuido (17),La cantidad de personas que fuman ha..desmenido,,3,38001-1A
25.0,DespuÃ©s de llegar a casa del trabajo tomÃ© la cena (17),Despues de llegar a casa del trabajo...se...meh,,2,38001-1A
26.0,El ladrÃ³n al que atrapÃ³ la policÃ­a era famoso (17),El ladrÃ³n que atrapÃ³ la policia era famoso,,3,38001-1A
27.0,Le pedÃ­ a un amigo que me ayudara con la tarea (17),Le pedÃ­ a un amigo que me ayudara con la tarea,,4,38001-1A
28.0,El examen no fue tan difÃ­cil como me habÃ­an dicho (17),El examen no fue tan dificil como me decÃ­an,,2,38001-1A
29.0,Â¿SerÃ­as tan amable de darme el libro que estÃ¡ en la mesa? (17),SerÃ­as tan amable pa'- darme el libro que estÃ¡ en la mesa?,,3,38001-1A
30.0,Hay mucha gente que no toma nada para el desayuno (17),Hay mucha genta que no to- toma nada para el desayuno.,,3,38001-1A
,,,,0,38001-1A
,,,,0,38001-1A
,,,,0,38001-1A
,,,,0,38001-1A
,,,,0,38001-1A
,,,,0,38001-1A
,,,,0,38001-1A
,,,,0,38001-1A
,,,,0,38001-1A
,,,,0,38001-1A
,,,,0,38001-1A
,,,,0,38001-1A
,,,,0,38001-1A
,,,,0,38001-1A
,,,,0,38001-1A
,,,,0,38001-1A
,,,,0,38001-1A
,,,,0,38001-1A
,,,,0,38001-1A
,,,,0,38001-1A
,,,,0,38001-1A
,,,,0,38001-1A
,,,,0,38001-1A
,,,,0,38001-1A
,,,,0,38001-1A
,,,,0,38001-1A
,,,,0,38001-1A
,,,,0,38001-1A
,,,,0,38001-1A
,,,,0,38001-1A
,,,,0,38001-1A
,,,,0,38001-1A
,,,,0,38001-1A
,,,,0,38001-1A
,,,,0,38001-1A
,,,,0,38001-1A
,,,,0,38001-1A
,,,,0,38001-1A
,,,,0,38001-1A
,,,,0,38001-1A
,,,,0,38001-1A
,,,,0,38001-1A
,,,,0,38001-1A
,,,,0,38001-1A
,,,,0,38001-1A
,,,,0,38001-1A
,,,,0,38001-1A
,,,,0,38001-1A
,,,,0,38001-1A
,,,,0,38001-1A
,,,,0,38001-1A
,,,,0,38001-1A
,,,,0,38001-1A
,,,,0,38001-1A
,,,,0,38001-1A
,,,,0,38001-1A
,,,,0,38001-1A
,,,,0,38001-1A
,,,,0,38001-1A
,,,,0,38001-1A
,,,,0,38001-1A
,,,,0,38001-1A
,,,,0,38001-1A
,,,,0,38001-1A
,,,,0,38001-1A
,,,,0,38001-1A
,,,,0,38001-1A
,,,,0,38001-1A
,,,,0,38001-1A
,,,,0,38001-1A
,,,,0,38001-1A
,,,,0,38001-1A
,,,,0,38001-1A
,,,,0,38001-1A
,,,,0,38001-1A
,,,,0,38001-1A
,,,,0,38001-1A
,,,,0,38001-1A
,,,,0,38001-1A
,,,,0,38001-1A
,,,,0,38001-1A
,,,,0,38001-1A
,,,,0,38001-1A
,,,,0,38001-1A
,,,,0,38001-1A
,,,,0,38001-1A
,,,,0,38001-1A
,,,,0,38001-1A
,,,,0,38001-1A
,,,,0,38001-1A
,,,,0,38001-1A
,,,,0,38001-1A
,,,,0,38001-1A
,,,,0,38001-1A
,,,,0,38001-1A
,,,,0,38001-1A
,,,,0,38001-1A
,,,,0,38001-1A
,,,,0,38001-1A
,,,,0,38001-1A
,,,,0,38001-1A
,,,,0,38001-1A
,,,,0,38001-1A
,,,,0,38001-1A
,,,,0,38001-1A
,,,,0,38001-1A
,,,,0,38001-1A
,,,,0,38001-1A
,,,,0,38001-1A
,,,,0,38001-1A
,,,,0,38001-1A
,,,,0,38001-1A
,,,,0,38001-1A
,,,,0,38001-1A
,,,,0,38001-1A
,,,,0,38001-1A
,,,,0,38001-1A
,,,,0,38001-1A
,,,,0,38001-1A
,,,,0,38001-1A
,,,,0,38001-1A
,,,,0,38001-1A
,,,,0,38001-1A
,,,,0,38001-1A
,,,,0,38001-1A
,,,,0,38001-1A
,,,,0,38001-1A
,,,,0,38001-1A
,,,,0,38001-1A
,,,,0,38001-1A
,,,,0,38001-1A
,,,,0,38001-1A
,,,,0,38001-1A
,,,,0,38001-1A
,,,,0,38001-1A
,,,,0,38001-1A
,,,,0,38001-1A
,,,,0,38001-1A
,,,,0,38001-1A
,,,,0,38001-1A
,,,,0,38001-1A
,,,,0,38001-1A
,,,,0,38001-1A
,,,,0,38001-1A
,,,,0,38001-1A
,,,,0,38001-1A
,,,,0,38001-1A
,,,,0,38001-1A
,,,,0,38001-1A
,,,,0,38001-1A
,,,,0,38001-1A
,,,,0,38001-1A
,,,,0,38001-1A
,,,,0,38001-1A
,,,,0,38001-1A
,,,,0,38001-1A
,,,,0,38001-1A
,,,,0,38001-1A
,,,,0,38001-1A
,,,,0,38001-1A
,,,,0,38001-1A
,,,,0,38001-1A
,,,,0,38001-1A
,,,,0,38001-1A
,,,,0,38001-1A
,,,,0,38001-1A
,,,,0,38001-1A
,,,,0,38001-1A
,,,,0,38001-1A
,,,,0,38001-1A
,,,,0,38001-1A
,,,,0,38001-1A
,,,,0,38001-1A
,,,,0,38001-1A
,,,,0,38001-1A
,,,,0,38001-1A
,,,,0,38001-1A
,,,,0,38001-1A
,,,,0,38001-1A
,,,,0,38001-1A
,,,,0,38001-1A
,,,,0,38001-1A
,,,,0,38001-1A
,,,,0,38001-1A
,,,,0,38001-1A
,,,,0,38001-1A
,,,,0,38001-1A
,,,,0,38001-1A
,,,,0,38001-1A
,,,,0,38001-1A
,,,,0,38001-1A
,,,,0,38001-1A
,,,,0,38001-1A
,,,,0,38001-1A
,,,,0,38001-1A
,,,,0,38001-1A
,,,,0,38001-1A
,,,,0,38001-1A
,,,,0,38001-1A
,,,,0,38001-1A
,,,,0,38001-1A
,,,,0,38001-1A
,,,,0,38001-1A
,,,,0,38001-1A
,,,,0,38001-1A
,,,,0,38001-1A
,,,,0,38001-1A
,,,,0,38001-1A
,,,,0,38001-1A
,,,,0,38001-1A
,,,,0,38001-1A
,,,,0,38001-1A
,,,,0,38001-1A
,,,,0,38001-1A
,,,,0,38001-1A
,,,,0,38001-1A
,,,,0,38001-1A
,,,,0,38001-1A
,,,,0,38001-1A
,,,,0,38001-1A
,,,,0,38001-1A
,,,,0,38001-1A
,,,,0,38001-1A
,,,,0,38001-1A
,,,,0,38001-1A
,,,,0,38001-1A
,,,,0,38001-1A
,,,,0,38001-1A
,,,,0,38001-1A
,,,,0,38001-1A
,,,,0,38001-1A
,,,,0,38001-1A
,,,,0,38001-1A
,,,,0,38001-1A
,,,,0,38001-1A
,,,,0,38001-1A
,,,,0,38001-1A
,,,,0,38001-1A
,,,,0,38001-1A
,,,,0,38001-1A
,,,,0,38001-1A
,,,,0,38001-1A
,,,,0,38001-1A
,,,,0,38001-1A
,,,,0,38001-1A
,,,,0,38001-1A
,,,,0,38001-1A
,,,,0,38001-1A
,,,,0,38001-1A
,,,,0,38001-1A
,,,,0,38001-1A
,,,,0,38001-1A
,,,,0,38001-1A
,,,,0,38001-1A
,,,,0,38001-1A
,,,,0,38001-1A
,,,,0,38001-1A
,,,,0,38001-1A
,,,,0,38001-1A
,,,,0,38001-1A
,,,,0,38001-1A
,,,,0,38001-1A
,,,,0,38001-1A
,,,,0,38001-1A
,,,,0,38001-1A
,,,,0,38001-1A
,,,,0,38001-1A
,,,,0,38001-1A
,,,,0,38001-1A
,,,,0,38001-1A
,,,,0,38001-1A
,,,,0,38001-1A
,,,,0,38001-1A
,,,,0,38001-1A
,,,,0,38001-1A
,,,,0,38001-1A
,,,,0,38001-1A
,,,,0,38001-1A
,,,,0,38001-1A
,,,,0,38001-1A
,,,,0,38001-1A
,,,,0,38001-1A
,,,,0,38001-1A
,,,,0,38001-1A
,,,,0,38001-1A
,,,,0,38001-1A
,,,,0,38001-1A
,,,,0,38001-1A
,,,,0,38001-1A
,,,,0,38001-1A
,,,,0,38001-1A
,,,,0,38001-1A
,,,,0,38001-1A
,,,,0,38001-1A
,,,,0,38001-1A
,,,,0,38001-1A
,,,,0,38001-1A
,,,,0,38001-1A
,,,,0,38001-1A
,,,,0,38001-1A
,,,,0,38001-1A
,,,,0,38001-1A
,,,,0,38001-1A
,,,,0,38001-1A
,,,,0,38001-1A
,,,,0,38001-1A
,,,,0,38001-1A
,,,,0,38001-1A
,,,,0,38001-1A
,,,,0,38001-1A
,,,,0,38001-1A
,,,,0,38001-1A
,,,,0,38001-1A
,,,,0,38001-1A
,,,,0,38001-1A
,,,,0,38001-1A
,,,,0,38001-1A
,,,,0,38001-1A
,,,,0,38001-1A
,,,,0,38001-1A
,,,,0,38001-1A
,,,,0,38001-1A
,,,,0,38001-1A
,,,,0,38001-1A
,,,,0,38001-1A
,,,,0,38001-1A
,,,,0,38001-1A
,,,,0,38001-1A
,,,,0,38001-1A
,,,,0,38001-1A
,,,,0,38001-1A
,,,,0,38001-1A
,,,,0,38001-1A
,,,,0,38001-1A
,,,,0,38001-1A
,,,,0,38001-1A
,,,,0,38001-1A
,,,,0,38001-1A
,,,,0,38001-1A
,,,,0,38001-1A
,,,,0,38001-1A
,,,,0,38001-1A
,,,,0,38001-1A
,,,,0,38001-1A
,,,,0,38001-1A
,,,,0,38001-1A
,,,,0,38001-1A
,,,,0,38001-1A
,,,,0,38001-1A
,,,,0,38001-1A
,,,,0,38001-1A
,,,,0,38001-1A
,,,,0,38001-1A
,,,,0,38001-1A
,,,,0,38001-1A
,,,,0,38001-1A
,,,,0,38001-1A
,,,,0,38001-1A
,,,,0,38001-1A
,,,,0,38001-1A
,,,,0,38001-1A
,,,,0,38001-1A
,,,,0,38001-1A
,,,,0,38001-1A
,,,,0,38001-1A
,,,,0,38001-1A
,,,,0,38001-1A
,,,,0,38001-1A
,,,,0,38001-1A
,,,,0,38001-1A
,,,,0,38001-1A
,,,,0,38001-1A
,,,,0,38001-1A
,,,,0,38001-1A
,,,,0,38001-1A
,,,,0,38001-1A
,,,,0,38001-1A
,,,,0,38001-1A
,,,,0,38001-1A
,,,,0,38001-1A
,,,,0,38001-1A
,,,,0,38001-1A
,,,,0,38001-1A
,,,,0,38001-1A
,,,,0,38001-1A
,,,,0,38001-1A
,,,,0,38001-1A
,,,,0,38001-1A
,,,,0,38001-1A
,,,,0,38001-1A
,,,,0,38001-1A
,,,,0,38001-1A
,,,,0,38001-1A
,,,,0,38001-1A
,,,,0,38001-1A
,,,,0,38001-1A
,,,,0,38001-1A
,,,,0,38001-1A
,,,,0,38001-1A
,,,,0,38001-1A
,,,,0,38001-1A
,,,,0,38001-1A
,,,,0,38001-1A
,,,,0,38001-1A
,,,,0,38001-1A
,,,,0,38001-1A
,,,,0,38001-1A
,,,,0,38001-1A
,,,,0,38001-1A
,,,,0,38001-1A
,,,,0,38001-1A
,,,,0,38001-1A
,,,,0,38001-1A
,,,,0,38001-1A
,,,,0,38001-1A
,,,,0,38001-1A
,,,,0,38001-1A
,,,,0,38001-1A
,,,,0,38001-1A
,,,,0,38001-1A
,,,,0,38001-1A
,,,,0,38001-1A
,,,,0,38001-1A
,,,,0,38001-1A
,,,,0,38001-1A
,,,,0,38001-1A
,,,,0,38001-1A
,,,,0,38001-1A
,,,,0,38001-1A
,,,,0,38001-1A
,,,,0,38001-1A
,,,,0,38001-1A
,,,,0,38001-1A
,,,,0,38001-1A
,,,,0,38001-1A
,,,,0,38001-1A
,,,,0,38001-1A
,,,,0,38001-1A
,,,,0,38001-1A
,,,,0,38001-1A
,,,,0,38001-1A
,,,,0,38001-1A
,,,,0,38001-1A
,,,,0,38001-1A
,,,,0,38001-1A
,,,,0,38001-1A
,,,,0,38001-1A
,,,,0,38001-1A
,,,,0,38001-1A
,,,,0,38001-1A
,,,,0,38001-1A
,,,,0,38001-1A
,,,,0,38001-1A
,,,,0,38001-1A
,,,,0,38001-1A
,,,,0,38001-1A
,,,,0,38001-1A
,,,,0,38001-1A
,,,,0,38001-1A
,,,,0,38001-1A
,,,,0,38001-1A
,,,,0,38001-1A
,,,,0,38001-1A
,,,,0,38001-1A
,,,,0,38001-1A
,,,,0,38001-1A
,,,,0,38001-1A
,,,,0,38001-1A
,,,,0,38001-1A
,,,,0,38001-1A
,,,,0,38001-1A
,,,,0,38001-1A
,,,,0,38001-1A
,,,,0,38001-1A
,,,,0,38001-1A
,,,,0,38001-1A
,,,,0,38001-1A
,,,,0,38001-1A
,,,,0,38001-1A
,,,,0,38001-1A
,,,,0,38001-1A
,,,,0,38001-1A
,,,,0,38001-1A
,,,,0,38001-1A
,,,,0,38001-1A
,,,,0,38001-1A
,,,,0,38001-1A
,,,,0,38001-1A
,,,,0,38001-1A
,,,,0,38001-1A
,,,,0,38001-1A
,,,,0,38001-1A
,,,,0,38001-1A
,,,,0,38001-1A
,,,,0,38001-1A
,,,,0,38001-1A
,,,,0,38001-1A
,,,,0,38001-1A
,,,,0,38001-1A
,,,,0,38001-1A
,,,,0,38001-1A
,,,,0,38001-1A
,,,,0,38001-1A
,,,,0,38001-1A
,,,,0,38001-1A
,,,,0,38001-1A
,,,,0,38001-1A
,,,,0,38001-1A
,,,,0,38001-1A
,,,,0,38001-1A
,,,,0,38001-1A
,,,,0,38001-1A
,,,,0,38001-1A
,,,,0,38001-1A
,,,,0,38001-1A
,,,,0,38001-1A
,,,,0,38001-1A
,,,,0,38001-1A
,,,,0,38001-1A
,,,,0,38001-1A
,,,,0,38001-1A
,,,,0,38001-1A
,,,,0,38001-1A
,,,,0,38001-1A
,,,,0,38001-1A
,,,,0,38001-1A
,,,,0,38001-1A
,,,,0,38001-1A
,,,,0,38001-1A
,,,,0,38001-1A
,,,,0,38001-1A
,,,,0,38001-1A
,,,,0,38001-1A
,,,,0,38001-1A
,,,,0,38001-1A
,,,,0,38001-1A
,,,,0,38001-1A
,,,,0,38001-1A
,,,,0,38001-1A
,,,,0,38001-1A
,,,,0,38001-1A
,,,,0,38001-1A
,,,,0,38001-1A
,,,,0,38001-1A
,,,,0,38001-1A
,,,,0,38001-1A
,,,,0,38001-1A
,,,,0,38001-1A
,,,,0,38001-1A
,,,,0,38001-1A
,,,,0,38001-1A
,,,,0,38001-1A
,,,,0,38001-1A
,,,,0,38001-1A
,,,,0,38001-1A
,,,,0,38001-1A
,,,,0,38001-1A
,,,,0,38001-1A
,,,,0,38001-1A
,,,,0,38001-1A
,,,,0,38001-1A
,,,,0,38001-1A
,,,,0,38001-1A
,,,,0,38001-1A
,,,,0,38001-1A
,,,,0,38001-1A
,,,,0,38001-1A
,,,,0,38001-1A
,,,,0,38001-1A
,,,,0,38001-1A
,,,,0,38001-1A
,,,,0,38001-1A
,,,,0,38001-1A
,,,,0,38001-1A
,,,,0,38001-1A
,,,,0,38001-1A
,,,,0,38001-1A
,,,,0,38001-1A
,,,,0,38001-1A
,,,,0,38001-1A
,,,,0,38001-1A
,,,,0,38001-1A
,,,,0,38001-1A
,,,,0,38001-1A
,,,,0,38001-1A
,,,,0,38001-1A
,,,,0,38001-1A
,,,,0,38001-1A
,,,,0,38001-1A
,,,,0,38001-1A
,,,,0,38001-1A
,,,,0,38001-1A
,,,,0,38001-1A
,,,,0,38001-1A
,,,,0,38001-1A
,,,,0,38001-1A
,,,,0,38001-1A
,,,,0,38001-1A
,,,,0,38001-1A
,,,,0,38001-1A
,,,,0,38001-1A
,,,,0,38001-1A
,,,,0,38001-1A
,,,,0,38001-1A
,,,,0,38001-1A
,,,,0,38001-1A
,,,,0,38001-1A
,,,,0,38001-1A
,,,,0,38001-1A
,,,,0,38001-1A
,,,,0,38001-1A
,,,,0,38001-1A
,,,,0,38001-1A
,,,,0,38001-1A
,,,,0,38001-1A
,,,,0,38001-1A
,,,,0,38001-1A
,,,,0,38001-1A
,,,,0,38001-1A
,,,,0,38001-1A
,,,,0,38001-1A
,,,,0,38001-1A
,,,,0,38001-1A
,,,,0,38001-1A
,,,,0,38001-1A
,,,,0,38001-1A
,,,,0,38001-1A
,,,,0,38001-1A
,,,,0,38001-1A
,,,,0,38001-1A
,,,,0,38001-1A
,,,,0,38001-1A
,,,,0,38001-1A
,,,,0,38001-1A
,,,,0,38001-1A
,,,,0,38001-1A
,,,,0,38001-1A
,,,,0,38001-1A
,,,,0,38001-1A
,,,,0,38001-1A
,,,,0,38001-1A
,,,,0,38001-1A
,,,,0,38001-1A
,,,,0,38001-1A
,,,,0,38001-1A
,,,,0,38001-1A
,,,,0,38001-1A
,,,,0,38001-1A
,,,,0,38001-1A
,,,,0,38001-1A
,,,,0,38001-1A
,,,,0,38001-1A
,,,,0,38001-1A
,,,,0,38001-1A
,,,,0,38001-1A
,,,,0,38001-1A
,,,,0,38001-1A
,,,,0,38001-1A
,,,,0,38001-1A
,,,,0,38001-1A
,,,,0,38001-1A
,,,,0,38001-1A
,,,,0,38001-1A
,,,,0,38001-1A
,,,,0,38001-1A
,,,,0,38001-1A
,,,,0,38001-1A
,,,,0,38001-1A
,,,,0,38001-1A
,,,,0,38001-1A
,,,,0,38001-1A
,,,,0,38001-1A
,,,,0,38001-1A
,,,,0,38001-1A
,,,,0,38001-1A
,,,,0,38001-1A
,,,,0,38001-1A
,,,,0,38001-1A
,,,,0,38001-1A
,,,,0,38001-1A
,,,,0,38001-1A
,,,,0,38001-1A
,,,,0,38001-1A
,,,,0,38001-1A
,,,,0,38001-1A
,,,,0,38001-1A
,,,,0,38001-1A
,,,,0,38001-1A
,,,,0,38001-1A
,,,,0,38001-1A
,,,,0,38001-1A
,,,,0,38001-1A
,,,,0,38001-1A
,,,,0,38001-1A
,,,,0,38001-1A
,,,,0,38001-1A
,,,,0,38001-1A
,,,,0,38001-1A
,,,,0,38001-1A
,,,,0,38001-1A
,,,,0,38001-1A
,,,,0,38001-1A
,,,,0,38001-1A
,,,,0,38001-1A
,,,,0,38001-1A
,,,,0,38001-1A
,,,,0,38001-1A
,,,,0,38001-1A
,,,,0,38001-1A
,,,,0,38001-1A
,,,,0,38001-1A
,,,,0,38001-1A
,,,,0,38001-1A
,,,,0,38001-1A
,,,,0,38001-1A
,,,,0,38001-1A
,,,,0,38001-1A
,,,,0,38001-1A
,,,,0,38001-1A
,,,,0,38001-1A
,,,,0,38001-1A
,,,,0,38001-1A
,,,,0,38001-1A
,,,,0,38001-1A
,,,,0,38001-1A
,,,,0,38001-1A
,,,,0,38001-1A
,,,,0,38001-1A
,,,,0,38001-1A
,,,,0,38001-1A
,,,,0,38001-1A
,,,,0,38001-1A
,,,,0,38001-1A
,,,,0,38001-1A
,,,,0,38001-1A
,,,,0,38001-1A
,,,,0,38001-1A
,,,,0,38001-1A
,,,,0,38001-1A
,,,,0,38001-1A
,,,,0,38001-1A
,,,,0,38001-1A
,,,,0,38001-1A
,,,,0,38001-1A
,,,,0,38001-1A
,,,,0,38001-1A
,,,,0,38001-1A
,,,,0,38001-1A
,,,,0,38001-1A
,,,,0,38001-1A
,,,,0,38001-1A
,,,,0,38001-1A
,,,,0,38001-1A
,,,,0,38001-1A
,,,,0,38001-1A
,,,,0,38001-1A
,,,,0,38001-1A
,,,,0,38001-1A
,,,,0,38001-1A
,,,,0,38001-1A
,,,,0,38001-1A
,,,,0,38001-1A
,,,,0,38001-1A
,,,,0,38001-1A
,,,,0,38001-1A
,,,,0,38001-1A
,,,,0,38001-1A
,,,,0,38001-1A
,,,,0,38001-1A
,,,,0,38001-1A
,,,,0,38001-1A
,,,,0,38001-1A
,,,,0,38001-1A
,,,,0,38001-1A
,,,,0,38001-1A
,,,,0,38001-1A
,,,,0,38001-1A
,,,,0,38001-1A
,,,,0,38001-1A
,,,,0,38001-1A
,,,,0,38001-1A
,,,,0,38001-1A
,,,,0,38001-1A
,,,,0,38001-1A
,,,,0,38001-1A
,,,,0,38001-1A
,,,,0,38001-1A
,,,,0,38001-1A
,,,,0,38001-1A
,,,,0,38001-1A
,,,,0,38001-1A
,,,,0,38001-1A
,,,,0,38001-1A
,,,,0,38001-1A
,,,,0,38001-1A
,,,,0,38001-1A
,,,,0,38001-1A
,,,,0,38001-1A
,,,,0,38001-1A
,,,,0,38001-1A
,,,,0,38001-1A
,,,,0,38001-1A
,,,,0,38001-1A
,,,,0,38001-1A
,,,,0,38001-1A
,,,,0,38001-1A
,,,,0,38001-1A
,,,,0,38001-1A
,,,,0,38001-1A
,,,,0,38001-1A
,,,,0,38001-1A
,,,,0,38001-1A
,,,,0,38001-1A
,,,,0,38001-1A
,,,,0,38001-1A
,,,,0,38001-1A
,,,,0,38001-1A
,,,,0,38001-1A
,,,,0,38001-1A
,,,,0,38001-1A
,,,,0,38001-1A
,,,,0,38001-1A
,,,,0,38001-1A
,,,,0,38001-1A
,,,,0,38001-1A
,,,,0,38001-1A
,,,,0,38001-1A
,,,,0,38001-1A
,,,,0,38001-1A
,,,,0,38001-1A
,,,,0,38001-1A
,,,,0,38001-1A
,,,,0,38001-1A
,,,,0,38001-1A
,,,,0,38001-1A
,,,,0,38001-1A
,,,,0,38001-1A
,,,,0,38001-1A
,,,,0,38001-1A
,,,,0,38001-1A
,,,,0,38001-1A
,,,,0,38001-1A
,,,,0,38001-1A
,,,,0,38001-1A
,,,,0,38001-1A
,,,,0,38001-1A
,,,,0,38001-1A
,,,,0,38001-1A
,,,,0,38001-1A
,,,,0,38001-1A
,,,,0,38001-1A
,,,,0,38001-1A
,,,,0,38001-1A
,,,,0,38001-1A
,,,,0,38001-1A
,,,,0,38001-1A
,,,,0,38001-1A
,,,,0,38001-1A
,,,,0,38001-1A
,,,,0,38001-1A
,,,,0,38001-1A
,,,,0,38001-1A
,,,,0,38001-1A
,,,,0,38001-1A
,,,,0,38001-1A
,,,,0,38001-1A
,,,,0,38001-1A
,,,,0,38001-1A
,,,,0,38001-1A
,,,,0,38001-1A
,,,,0,38001-1A
,,,,0,38001-1A
,,,,0,38001-1A
,,,,0,38001-1A
,,,,0,38001-1A
,,,,0,38001-1A
,,,,0,38001-1A
,,,,0,38001-1A
,,,,0,38001-1A
,,,,0,38001-1A
,,,,0,38001-1A
,,,,0,38001-1A
,,,,0,38001-1A
,,,,0,38001-1A
,,,,0,38001-1A
,,,,0,38001-1A
,,,,0,38001-1A
,,,,0,38001-1A
,,,,0,38001-1A
,,,,0,38001-1A
,,,,0,38001-1A
,,,,0,38001-1A
,,,,0,38001-1A
,,,,0,38001-1A
,,,,0,38001-1A
,,,,0,38001-1A
,,,,0,38001-1A
,,,,0,38001-1A
,,,,0,38001-1A
,,,,0,38001-1A
,,,,0,38001-1A
,,,,0,38001-1A
,,,,0,38001-1A
,,,,0,38001-1A
,,,,0,38001-1A
,,,,0,38001-1A
,,,,0,38001-1A
,,,,0,38001-1A
,,,,0,38001-1A
,,,,0,38001-1A
,,,,0,38001-1A
,,,,0,38001-1A
,,,,0,38001-1A
,,,,0,38001-1A
,,,,0,38001-1A
,,,,0,38001-1A
,,,,0,38001-1A
,,,,0,38001-1A
,,,,0,38001-1A
,,,,0,38001-1A
,,,,0,38001-1A
,,,,0,38001-1A
,,,,0,38001-1A
,,,,0,38001-1A
,,,,0,38001-1A
,,,,0,38001-1A
,,,,0,38001-1A
,,,,0,38001-1A
,,,,0,38001-1A
,,,,0,38001-1A
,,,,0,38001-1A
,,,,0,38001-1A
,,,,0,38001-1A
,,,,0,38001-1A
,,,,0,38001-1A
,,,,0,38001-1A
,,,,0,38001-1A
,,,,0,38001-1A
,,,,0,38001-1A
,,,,0,38001-1A
,,,,0,38001-1A
,,,,0,38001-1A
,,,,0,38001-1A
,,,,0,38001-1A
,,,,0,38001-1A
,,,,0,38001-1A
,,,,0,38001-1A
,,,,0,38001-1A
,,,,0,38001-1A
,,,,0,38001-1A
,,,,0,38001-1A
,,,,0,38001-1A
,,,,0,38001-1A
,,,,0,38001-1A
,,,,0,38001-1A
,,,,0,38001-1A
,,,,0,38001-1A
,,,,0,38001-1A
,,,,0,38001-1A
,,,,0,38001-1A
,,,,0,38001-1A
,,,,0,38001-1A
,,,,0,38001-1A
,,,,0,38001-1A
,,,,0,38001-1A
,,,,0,38001-1A
,,,,0,38001-1A
,,,,0,38001-1A
,,,,0,38001-1A
1.0,Quiero cortarme el pelo (7),Quiero cortarme el pelo,,4,38002-2A
2.0,El libro estÃ¡ en la mesa (7),El libro estÃ¡ en la mesa.,,4,38002-2A
3.0,El carro lo tiene Pedro (8),El carro tiene pelo.,,3,38002-2A
4.0,El se ducha cada maÃ±ana (9),Ã©l se ducha cada maÃ±ana,,3,38002-2A
5.0,Â¿QuÃ© dice usted que va a hacer hoy? (9),en que ustedes x uf x hacer hoy?,,2,38002-2A
6.0,Dudo que sepa manejar muy bien (10),dudo/tu no? sepiar exx muy bien,,2,38002-2A
7.0,Las calles de esta ciudad son muy anchas (11),La calles estÃ©n xxxx muy anchas.,,0,38002-2A
8.0,Puede que llueva maÃ±ana todo el dÃ­a (12),Puede que maÃ±ana todo la dÃ­a,,3,38002-2A
9.0,Las casas son muy bonitas pero caras (12),Las casas muy bonitos pero ... casas,,3,38002-2A
10.0,Me gustan las pelÃ­culas que acaban bien (12),Me gustan las pelÃ­culas campan bien,,3,38002-2A
11.0,El chico con el que yo salgo es espaÃ±ol (13),el chico con ... espaÃ±ol,,2,38002-2A
12.0,DespuÃ©s de cenar me fui a dormir tranquilo (13),despuÃ©s de finar ... Ã©l dormir xxx,,0,38002-2A
13.0,Quiero una casa en la que vivan mis animales (14),Quiere una casa con animales,,2,38002-2A
14.0,A nosotros nos fascinan las fiestas grandiosas (14),a nosotros fana-xxx fiestas grandinosas,,0,38002-2A
15.0,Ella sÃ³lo bebe cerveza y no come nada (15),Ella xxx no beber querer,,0,38002-2A
16.0,Me gustarÃ­a que el precio de las casas bajara (15),Me gusta el casa xxx...,,0,38002-2A
17.0,Cruza a la derecha y despuÃ©s sigue todo recto (15),en quises a la derecha xxx...,,0,38002-2A
18.0,Ella ha terminado de pintar su apartamento (15),Ella tiene termino xx apartamento,,2,38002-2A
19.0,Me gustarÃ­a que empezara a hacer mÃ¡s calor pronto (15),Me gusta que d-crxxx calor pranto,,0,38002-2A
20.0,El niÃ±o al que se le muriÃ³ el gato estÃ¡ triste (16),El niÃ±o se muriÃ³ el gato y triste,,2,38002-2A
21.0,Una amiga mÃ­a cuida a los niÃ±os de mi vecino (16),Una amigo que niÃ±a ha cuidado,,1,38002-2A
22.0,El gato que era negro fue perseguido por el perro (16),El gato negro se fuera el perro son,,2,38002-2A
23.0,Antes de poder salir Ã©l tiene que limpiar su cuarto (16),Antes de salir limpio.. el caso,,2,38002-2A
24.0,La cantidad de personas que fuman ha disminuido (17),la cantidad de las personas fe-xxx fumar,,0,38002-2A
25.0,DespuÃ©s de llegar a casa del trabajo tomÃ© la cena (17),DespuÃ©s de llegar la casa pone cena,,2,38002-2A
26.0,El ladrÃ³n al que atrapÃ³ la policÃ­a era famoso (17),El xxx la policÃ­a es famoso,,0,38002-2A
27.0,Le pedÃ­ a un amigo que me ayudara con la tarea (17),Le pedÃ­ un amigo con ayuda con mÃ­ tarea,,2,38002-2A
28.0,El examen no fue tan difÃ­cil como me habÃ­an dicho (17),El examen no es difÃ­cil cuando me xxx...,,0,38002-2A
29.0,Â¿SerÃ­as tan amable de darme el libro que estÃ¡ en la mesa? (17),El libro estÃ¡n en la mesa.,,2,38002-2A
30.0,Hay mucha gente que no toma nada para el desayuno (17),Hay mucho gente no quiere desayuno,,2,38002-2A
,,,,0,38002-2A
,,,,0,38002-2A
,,,,0,38002-2A
,,,,0,38002-2A
,,,,0,38002-2A
,,,,0,38002-2A
,,,,0,38002-2A
,,,,0,38002-2A
,,,,0,38002-2A
,,,,0,38002-2A
,,,,0,38002-2A
,,,,0,38002-2A
,,,,0,38002-2A
,,,,0,38002-2A
,,,,0,38002-2A
,,,,0,38002-2A
,,,,0,38002-2A
,,,,0,38002-2A
,,,,0,38002-2A
,,,,0,38002-2A
,,,,0,38002-2A
,,,,0,38002-2A
,,,,0,38002-2A
,,,,0,38002-2A
,,,,0,38002-2A
,,,,0,38002-2A
,,,,0,38002-2A
,,,,0,38002-2A
,,,,0,38002-2A
,,,,0,38002-2A
,,,,0,38002-2A
,,,,0,38002-2A
,,,,0,38002-2A
,,,,0,38002-2A
,,,,0,38002-2A
,,,,0,38002-2A
,,,,0,38002-2A
,,,,0,38002-2A
,,,,0,38002-2A
,,,,0,38002-2A
,,,,0,38002-2A
,,,,0,38002-2A
,,,,0,38002-2A
,,,,0,38002-2A
,,,,0,38002-2A
,,,,0,38002-2A
,,,,0,38002-2A
,,,,0,38002-2A
,,,,0,38002-2A
,,,,0,38002-2A
,,,,0,38002-2A
,,,,0,38002-2A
,,,,0,38002-2A
,,,,0,38002-2A
,,,,0,38002-2A
,,,,0,38002-2A
,,,,0,38002-2A
,,,,0,38002-2A
,,,,0,38002-2A
,,,,0,38002-2A
,,,,0,38002-2A
,,,,0,38002-2A
,,,,0,38002-2A
,,,,0,38002-2A
,,,,0,38002-2A
,,,,0,38002-2A
,,,,0,38002-2A
,,,,0,38002-2A
,,,,0,38002-2A
,,,,0,38002-2A
,,,,0,38002-2A
,,,,0,38002-2A
,,,,0,38002-2A
,,,,0,38002-2A
,,,,0,38002-2A
,,,,0,38002-2A
,,,,0,38002-2A
,,,,0,38002-2A
,,,,0,38002-2A
,,,,0,38002-2A
,,,,0,38002-2A
,,,,0,38002-2A
,,,,0,38002-2A
,,,,0,38002-2A
,,,,0,38002-2A
,,,,0,38002-2A
,,,,0,38002-2A
,,,,0,38002-2A
,,,,0,38002-2A
,,,,0,38002-2A
,,,,0,38002-2A
,,,,0,38002-2A
,,,,0,38002-2A
,,,,0,38002-2A
,,,,0,38002-2A
,,,,0,38002-2A
,,,,0,38002-2A
,,,,0,38002-2A
,,,,0,38002-2A
,,,,0,38002-2A
,,,,0,38002-2A
,,,,0,38002-2A
,,,,0,38002-2A
,,,,0,38002-2A
,,,,0,38002-2A
,,,,0,38002-2A
,,,,0,38002-2A
,,,,0,38002-2A
,,,,0,38002-2A
,,,,0,38002-2A
,,,,0,38002-2A
,,,,0,38002-2A
,,,,0,38002-2A
,,,,0,38002-2A
,,,,0,38002-2A
,,,,0,38002-2A
,,,,0,38002-2A
,,,,0,38002-2A
,,,,0,38002-2A
,,,,0,38002-2A
,,,,0,38002-2A
,,,,0,38002-2A
,,,,0,38002-2A
,,,,0,38002-2A
,,,,0,38002-2A
,,,,0,38002-2A
,,,,0,38002-2A
,,,,0,38002-2A
,,,,0,38002-2A
,,,,0,38002-2A
,,,,0,38002-2A
,,,,0,38002-2A
,,,,0,38002-2A
,,,,0,38002-2A
,,,,0,38002-2A
,,,,0,38002-2A
,,,,0,38002-2A
,,,,0,38002-2A
,,,,0,38002-2A
,,,,0,38002-2A
,,,,0,38002-2A
,,,,0,38002-2A
,,,,0,38002-2A
,,,,0,38002-2A
,,,,0,38002-2A
,,,,0,38002-2A
,,,,0,38002-2A
,,,,0,38002-2A
,,,,0,38002-2A
,,,,0,38002-2A
,,,,0,38002-2A
,,,,0,38002-2A
,,,,0,38002-2A
,,,,0,38002-2A
,,,,0,38002-2A
,,,,0,38002-2A
,,,,0,38002-2A
,,,,0,38002-2A
,,,,0,38002-2A
,,,,0,38002-2A
,,,,0,38002-2A
,,,,0,38002-2A
,,,,0,38002-2A
,,,,0,38002-2A
,,,,0,38002-2A
,,,,0,38002-2A
,,,,0,38002-2A
,,,,0,38002-2A
,,,,0,38002-2A
,,,,0,38002-2A
,,,,0,38002-2A
,,,,0,38002-2A
,,,,0,38002-2A
,,,,0,38002-2A
,,,,0,38002-2A
,,,,0,38002-2A
,,,,0,38002-2A
,,,,0,38002-2A
,,,,0,38002-2A
,,,,0,38002-2A
,,,,0,38002-2A
,,,,0,38002-2A
,,,,0,38002-2A
,,,,0,38002-2A
,,,,0,38002-2A
,,,,0,38002-2A
,,,,0,38002-2A
,,,,0,38002-2A
,,,,0,38002-2A
,,,,0,38002-2A
,,,,0,38002-2A
,,,,0,38002-2A
,,,,0,38002-2A
,,,,0,38002-2A
,,,,0,38002-2A
,,,,0,38002-2A
,,,,0,38002-2A
,,,,0,38002-2A
,,,,0,38002-2A
,,,,0,38002-2A
,,,,0,38002-2A
,,,,0,38002-2A
,,,,0,38002-2A
,,,,0,38002-2A
,,,,0,38002-2A
,,,,0,38002-2A
,,,,0,38002-2A
,,,,0,38002-2A
,,,,0,38002-2A
,,,,0,38002-2A
,,,,0,38002-2A
,,,,0,38002-2A
,,,,0,38002-2A
,,,,0,38002-2A
,,,,0,38002-2A
,,,,0,38002-2A
,,,,0,38002-2A
,,,,0,38002-2A
,,,,0,38002-2A
,,,,0,38002-2A
,,,,0,38002-2A
,,,,0,38002-2A
,,,,0,38002-2A
,,,,0,38002-2A
,,,,0,38002-2A
,,,,0,38002-2A
,,,,0,38002-2A
,,,,0,38002-2A
,,,,0,38002-2A
,,,,0,38002-2A
,,,,0,38002-2A
,,,,0,38002-2A
,,,,0,38002-2A
,,,,0,38002-2A
,,,,0,38002-2A
,,,,0,38002-2A
,,,,0,38002-2A
,,,,0,38002-2A
,,,,0,38002-2A
,,,,0,38002-2A
,,,,0,38002-2A
,,,,0,38002-2A
,,,,0,38002-2A
,,,,0,38002-2A
,,,,0,38002-2A
,,,,0,38002-2A
,,,,0,38002-2A
,,,,0,38002-2A
,,,,0,38002-2A
,,,,0,38002-2A
,,,,0,38002-2A
,,,,0,38002-2A
,,,,0,38002-2A
,,,,0,38002-2A
,,,,0,38002-2A
,,,,0,38002-2A
,,,,0,38002-2A
,,,,0,38002-2A
,,,,0,38002-2A
,,,,0,38002-2A
,,,,0,38002-2A
,,,,0,38002-2A
,,,,0,38002-2A
,,,,0,38002-2A
,,,,0,38002-2A
,,,,0,38002-2A
,,,,0,38002-2A
,,,,0,38002-2A
,,,,0,38002-2A
,,,,0,38002-2A
,,,,0,38002-2A
,,,,0,38002-2A
,,,,0,38002-2A
,,,,0,38002-2A
,,,,0,38002-2A
,,,,0,38002-2A
,,,,0,38002-2A
,,,,0,38002-2A
,,,,0,38002-2A
,,,,0,38002-2A
,,,,0,38002-2A
,,,,0,38002-2A
,,,,0,38002-2A
,,,,0,38002-2A
,,,,0,38002-2A
,,,,0,38002-2A
,,,,0,38002-2A
,,,,0,38002-2A
,,,,0,38002-2A
,,,,0,38002-2A
,,,,0,38002-2A
,,,,0,38002-2A
,,,,0,38002-2A
,,,,0,38002-2A
,,,,0,38002-2A
,,,,0,38002-2A
,,,,0,38002-2A
,,,,0,38002-2A
,,,,0,38002-2A
,,,,0,38002-2A
,,,,0,38002-2A
,,,,0,38002-2A
,,,,0,38002-2A
,,,,0,38002-2A
,,,,0,38002-2A
,,,,0,38002-2A
,,,,0,38002-2A
,,,,0,38002-2A
,,,,0,38002-2A
,,,,0,38002-2A
,,,,0,38002-2A
,,,,0,38002-2A
,,,,0,38002-2A
,,,,0,38002-2A
,,,,0,38002-2A
,,,,0,38002-2A
,,,,0,38002-2A
,,,,0,38002-2A
,,,,0,38002-2A
,,,,0,38002-2A
,,,,0,38002-2A
,,,,0,38002-2A
,,,,0,38002-2A
,,,,0,38002-2A
,,,,0,38002-2A
,,,,0,38002-2A
,,,,0,38002-2A
,,,,0,38002-2A
,,,,0,38002-2A
,,,,0,38002-2A
,,,,0,38002-2A
,,,,0,38002-2A
,,,,0,38002-2A
,,,,0,38002-2A
,,,,0,38002-2A
,,,,0,38002-2A
,,,,0,38002-2A
,,,,0,38002-2A
,,,,0,38002-2A
,,,,0,38002-2A
,,,,0,38002-2A
,,,,0,38002-2A
,,,,0,38002-2A
,,,,0,38002-2A
,,,,0,38002-2A
,,,,0,38002-2A
,,,,0,38002-2A
,,,,0,38002-2A
,,,,0,38002-2A
,,,,0,38002-2A
,,,,0,38002-2A
,,,,0,38002-2A
,,,,0,38002-2A
,,,,0,38002-2A
,,,,0,38002-2A
,,,,0,38002-2A
,,,,0,38002-2A
,,,,0,38002-2A
,,,,0,38002-2A
,,,,0,38002-2A
,,,,0,38002-2A
,,,,0,38002-2A
,,,,0,38002-2A
,,,,0,38002-2A
,,,,0,38002-2A
,,,,0,38002-2A
,,,,0,38002-2A
,,,,0,38002-2A
,,,,0,38002-2A
,,,,0,38002-2A
,,,,0,38002-2A
,,,,0,38002-2A
,,,,0,38002-2A
,,,,0,38002-2A
,,,,0,38002-2A
,,,,0,38002-2A
,,,,0,38002-2A
,,,,0,38002-2A
,,,,0,38002-2A
,,,,0,38002-2A
,,,,0,38002-2A
,,,,0,38002-2A
,,,,0,38002-2A
,,,,0,38002-2A
,,,,0,38002-2A
,,,,0,38002-2A
,,,,0,38002-2A
,,,,0,38002-2A
,,,,0,38002-2A
,,,,0,38002-2A
,,,,0,38002-2A
,,,,0,38002-2A
,,,,0,38002-2A
,,,,0,38002-2A
,,,,0,38002-2A
,,,,0,38002-2A
,,,,0,38002-2A
,,,,0,38002-2A
,,,,0,38002-2A
,,,,0,38002-2A
,,,,0,38002-2A
,,,,0,38002-2A
,,,,0,38002-2A
,,,,0,38002-2A
,,,,0,38002-2A
,,,,0,38002-2A
,,,,0,38002-2A
,,,,0,38002-2A
,,,,0,38002-2A
,,,,0,38002-2A
,,,,0,38002-2A
,,,,0,38002-2A
,,,,0,38002-2A
,,,,0,38002-2A
,,,,0,38002-2A
,,,,0,38002-2A
,,,,0,38002-2A
,,,,0,38002-2A
,,,,0,38002-2A
,,,,0,38002-2A
,,,,0,38002-2A
,,,,0,38002-2A
,,,,0,38002-2A
,,,,0,38002-2A
,,,,0,38002-2A
,,,,0,38002-2A
,,,,0,38002-2A
,,,,0,38002-2A
,,,,0,38002-2A
,,,,0,38002-2A
,,,,0,38002-2A
,,,,0,38002-2A
,,,,0,38002-2A
,,,,0,38002-2A
,,,,0,38002-2A
,,,,0,38002-2A
,,,,0,38002-2A
,,,,0,38002-2A
,,,,0,38002-2A
,,,,0,38002-2A
,,,,0,38002-2A
,,,,0,38002-2A
,,,,0,38002-2A
,,,,0,38002-2A
,,,,0,38002-2A
,,,,0,38002-2A
,,,,0,38002-2A
,,,,0,38002-2A
,,,,0,38002-2A
,,,,0,38002-2A
,,,,0,38002-2A
,,,,0,38002-2A
,,,,0,38002-2A
,,,,0,38002-2A
,,,,0,38002-2A
,,,,0,38002-2A
,,,,0,38002-2A
,,,,0,38002-2A
,,,,0,38002-2A
,,,,0,38002-2A
,,,,0,38002-2A
,,,,0,38002-2A
,,,,0,38002-2A
,,,,0,38002-2A
,,,,0,38002-2A
,,,,0,38002-2A
,,,,0,38002-2A
,,,,0,38002-2A
,,,,0,38002-2A
,,,,0,38002-2A
,,,,0,38002-2A
,,,,0,38002-2A
,,,,0,38002-2A
,,,,0,38002-2A
,,,,0,38002-2A
,,,,0,38002-2A
,,,,0,38002-2A
,,,,0,38002-2A
,,,,0,38002-2A
,,,,0,38002-2A
,,,,0,38002-2A
,,,,0,38002-2A
,,,,0,38002-2A
,,,,0,38002-2A
,,,,0,38002-2A
,,,,0,38002-2A
,,,,0,38002-2A
,,,,0,38002-2A
,,,,0,38002-2A
,,,,0,38002-2A
,,,,0,38002-2A
,,,,0,38002-2A
,,,,0,38002-2A
,,,,0,38002-2A
,,,,0,38002-2A
,,,,0,38002-2A
,,,,0,38002-2A
,,,,0,38002-2A
,,,,0,38002-2A
,,,,0,38002-2A
,,,,0,38002-2A
,,,,0,38002-2A
,,,,0,38002-2A
,,,,0,38002-2A
,,,,0,38002-2A
,,,,0,38002-2A
,,,,0,38002-2A
,,,,0,38002-2A
,,,,0,38002-2A
,,,,0,38002-2A
,,,,0,38002-2A
,,,,0,38002-2A
,,,,0,38002-2A
,,,,0,38002-2A
,,,,0,38002-2A
,,,,0,38002-2A
,,,,0,38002-2A
,,,,0,38002-2A
,,,,0,38002-2A
,,,,0,38002-2A
,,,,0,38002-2A
,,,,0,38002-2A
,,,,0,38002-2A
,,,,0,38002-2A
,,,,0,38002-2A
,,,,0,38002-2A
,,,,0,38002-2A
,,,,0,38002-2A
,,,,0,38002-2A
,,,,0,38002-2A
,,,,0,38002-2A
,,,,0,38002-2A
,,,,0,38002-2A
,,,,0,38002-2A
,,,,0,38002-2A
,,,,0,38002-2A
,,,,0,38002-2A
,,,,0,38002-2A
,,,,0,38002-2A
,,,,0,38002-2A
,,,,0,38002-2A
,,,,0,38002-2A
,,,,0,38002-2A
,,,,0,38002-2A
,,,,0,38002-2A
,,,,0,38002-2A
,,,,0,38002-2A
,,,,0,38002-2A
,,,,0,38002-2A
,,,,0,38002-2A
,,,,0,38002-2A
,,,,0,38002-2A
,,,,0,38002-2A
,,,,0,38002-2A
,,,,0,38002-2A
,,,,0,38002-2A
,,,,0,38002-2A
,,,,0,38002-2A
,,,,0,38002-2A
,,,,0,38002-2A
,,,,0,38002-2A
,,,,0,38002-2A
,,,,0,38002-2A
,,,,0,38002-2A
,,,,0,38002-2A
,,,,0,38002-2A
,,,,0,38002-2A
,,,,0,38002-2A
,,,,0,38002-2A
,,,,0,38002-2A
,,,,0,38002-2A
,,,,0,38002-2A
,,,,0,38002-2A
,,,,0,38002-2A
,,,,0,38002-2A
,,,,0,38002-2A
,,,,0,38002-2A
,,,,0,38002-2A
,,,,0,38002-2A
,,,,0,38002-2A
,,,,0,38002-2A
,,,,0,38002-2A
,,,,0,38002-2A
,,,,0,38002-2A
,,,,0,38002-2A
,,,,0,38002-2A
,,,,0,38002-2A
,,,,0,38002-2A
,,,,0,38002-2A
,,,,0,38002-2A
,,,,0,38002-2A
,,,,0,38002-2A
,,,,0,38002-2A
,,,,0,38002-2A
,,,,0,38002-2A
,,,,0,38002-2A
,,,,0,38002-2A
,,,,0,38002-2A
,,,,0,38002-2A
,,,,0,38002-2A
,,,,0,38002-2A
,,,,0,38002-2A
,,,,0,38002-2A
,,,,0,38002-2A
,,,,0,38002-2A
,,,,0,38002-2A
,,,,0,38002-2A
,,,,0,38002-2A
,,,,0,38002-2A
,,,,0,38002-2A
,,,,0,38002-2A
,,,,0,38002-2A
,,,,0,38002-2A
,,,,0,38002-2A
,,,,0,38002-2A
,,,,0,38002-2A
,,,,0,38002-2A
,,,,0,38002-2A
,,,,0,38002-2A
,,,,0,38002-2A
,,,,0,38002-2A
,,,,0,38002-2A
,,,,0,38002-2A
,,,,0,38002-2A
,,,,0,38002-2A
,,,,0,38002-2A
,,,,0,38002-2A
,,,,0,38002-2A
,,,,0,38002-2A
,,,,0,38002-2A
,,,,0,38002-2A
,,,,0,38002-2A
,,,,0,38002-2A
,,,,0,38002-2A
,,,,0,38002-2A
,,,,0,38002-2A
,,,,0,38002-2A
,,,,0,38002-2A
,,,,0,38002-2A
,,,,0,38002-2A
,,,,0,38002-2A
,,,,0,38002-2A
,,,,0,38002-2A
,,,,0,38002-2A
,,,,0,38002-2A
,,,,0,38002-2A
,,,,0,38002-2A
,,,,0,38002-2A
,,,,0,38002-2A
,,,,0,38002-2A
,,,,0,38002-2A
,,,,0,38002-2A
,,,,0,38002-2A
,,,,0,38002-2A
,,,,0,38002-2A
,,,,0,38002-2A
,,,,0,38002-2A
,,,,0,38002-2A
,,,,0,38002-2A
,,,,0,38002-2A
,,,,0,38002-2A
,,,,0,38002-2A
,,,,0,38002-2A
,,,,0,38002-2A
,,,,0,38002-2A
,,,,0,38002-2A
,,,,0,38002-2A
,,,,0,38002-2A
,,,,0,38002-2A
,,,,0,38002-2A
,,,,0,38002-2A
,,,,0,38002-2A
,,,,0,38002-2A
,,,,0,38002-2A
,,,,0,38002-2A
,,,,0,38002-2A
,,,,0,38002-2A
,,,,0,38002-2A
,,,,0,38002-2A
,,,,0,38002-2A
,,,,0,38002-2A
,,,,0,38002-2A
,,,,0,38002-2A
,,,,0,38002-2A
,,,,0,38002-2A
,,,,0,38002-2A
,,,,0,38002-2A
,,,,0,38002-2A
,,,,0,38002-2A
,,,,0,38002-2A
,,,,0,38002-2A
,,,,0,38002-2A
,,,,0,38002-2A
,,,,0,38002-2A
,,,,0,38002-2A
,,,,0,38002-2A
,,,,0,38002-2A
,,,,0,38002-2A
,,,,0,38002-2A
,,,,0,38002-2A
,,,,0,38002-2A
,,,,0,38002-2A
,,,,0,38002-2A
,,,,0,38002-2A
,,,,0,38002-2A
,,,,0,38002-2A
,,,,0,38002-2A
,,,,0,38002-2A
,,,,0,38002-2A
,,,,0,38002-2A
,,,,0,38002-2A
,,,,0,38002-2A
,,,,0,38002-2A
,,,,0,38002-2A
,,,,0,38002-2A
,,,,0,38002-2A
,,,,0,38002-2A
,,,,0,38002-2A
,,,,0,38002-2A
,,,,0,38002-2A
,,,,0,38002-2A
,,,,0,38002-2A
,,,,0,38002-2A
,,,,0,38002-2A
,,,,0,38002-2A
,,,,0,38002-2A
,,,,0,38002-2A
,,,,0,38002-2A
,,,,0,38002-2A
,,,,0,38002-2A
,,,,0,38002-2A
,,,,0,38002-2A
,,,,0,38002-2A
,,,,0,38002-2A
,,,,0,38002-2A
,,,,0,38002-2A
,,,,0,38002-2A
,,,,0,38002-2A
,,,,0,38002-2A
,,,,0,38002-2A
,,,,0,38002-2A
,,,,0,38002-2A
,,,,0,38002-2A
,,,,0,38002-2A
,,,,0,38002-2A
,,,,0,38002-2A
,,,,0,38002-2A
,,,,0,38002-2A
,,,,0,38002-2A
,,,,0,38002-2A
,,,,0,38002-2A
,,,,0,38002-2A
,,,,0,38002-2A
,,,,0,38002-2A
,,,,0,38002-2A
,,,,0,38002-2A
,,,,0,38002-2A
,,,,0,38002-2A
,,,,0,38002-2A
,,,,0,38002-2A
,,,,0,38002-2A
,,,,0,38002-2A
,,,,0,38002-2A
,,,,0,38002-2A
,,,,0,38002-2A
,,,,0,38002-2A
,,,,0,38002-2A
,,,,0,38002-2A
,,,,0,38002-2A
,,,,0,38002-2A
,,,,0,38002-2A
,,,,0,38002-2A
,,,,0,38002-2A
,,,,0,38002-2A
,,,,0,38002-2A
,,,,0,38002-2A
,,,,0,38002-2A
,,,,0,38002-2A
,,,,0,38002-2A
,,,,0,38002-2A
,,,,0,38002-2A
,,,,0,38002-2A
,,,,0,38002-2A
,,,,0,38002-2A
,,,,0,38002-2A
,,,,0,38002-2A
,,,,0,38002-2A
,,,,0,38002-2A
,,,,0,38002-2A
,,,,0,38002-2A
,,,,0,38002-2A
,,,,0,38002-2A
,,,,0,38002-2A
,,,,0,38002-2A
,,,,0,38002-2A
,,,,0,38002-2A
,,,,0,38002-2A
,,,,0,38002-2A
,,,,0,38002-2A
,,,,0,38002-2A
,,,,0,38002-2A
,,,,0,38002-2A
,,,,0,38002-2A
,,,,0,38002-2A
,,,,0,38002-2A
,,,,0,38002-2A
,,,,0,38002-2A
,,,,0,38002-2A
,,,,0,38002-2A
,,,,0,38002-2A
,,,,0,38002-2A
,,,,0,38002-2A
,,,,0,38002-2A
,,,,0,38002-2A
,,,,0,38002-2A
,,,,0,38002-2A
,,,,0,38002-2A
,,,,0,38002-2A
,,,,0,38002-2A
,,,,0,38002-2A
,,,,0,38002-2A
,,,,0,38002-2A
,,,,0,38002-2A
,,,,0,38002-2A
,,,,0,38002-2A
,,,,0,38002-2A
,,,,0,38002-2A
,,,,0,38002-2A
,,,,0,38002-2A
,,,,0,38002-2A
,,,,0,38002-2A
,,,,0,38002-2A
,,,,0,38002-2A
,,,,0,38002-2A
,,,,0,38002-2A
,,,,0,38002-2A
,,,,0,38002-2A
,,,,0,38002-2A
,,,,0,38002-2A
,,,,0,38002-2A
,,,,0,38002-2A
,,,,0,38002-2A
,,,,0,38002-2A
,,,,0,38002-2A
,,,,0,38002-2A
,,,,0,38002-2A
,,,,0,38002-2A
,,,,0,38002-2A
,,,,0,38002-2A
,,,,0,38002-2A
,,,,0,38002-2A
,,,,0,38002-2A
,,,,0,38002-2A
,,,,0,38002-2A
,,,,0,38002-2A
,,,,0,38002-2A
,,,,0,38002-2A
,,,,0,38002-2A
,,,,0,38002-2A
,,,,0,38002-2A
,,,,0,38002-2A
,,,,0,38002-2A
,,,,0,38002-2A
,,,,0,38002-2A
,,,,0,38002-2A
,,,,0,38002-2A
,,,,0,38002-2A
,,,,0,38002-2A
,,,,0,38002-2A
,,,,0,38002-2A
,,,,0,38002-2A
,,,,0,38002-2A
,,,,0,38002-2A
,,,,0,38002-2A
,,,,0,38002-2A
,,,,0,38002-2A
,,,,0,38002-2A
,,,,0,38002-2A
,,,,0,38002-2A
,,,,0,38002-2A
,,,,0,38002-2A
,,,,0,38002-2A
,,,,0,38002-2A
,,,,0,38002-2A
,,,,0,38002-2A
,,,,0,38002-2A
,,,,0,38002-2A
,,,,0,38002-2A
,,,,0,38002-2A
,,,,0,38002-2A
,,,,0,38002-2A
,,,,0,38002-2A
,,,,0,38002-2A
,,,,0,38002-2A
,,,,0,38002-2A
,,,,0,38002-2A
,,,,0,38002-2A
,,,,0,38002-2A
,,,,0,38002-2A
,,,,0,38002-2A
,,,,0,38002-2A
,,,,0,38002-2A
,,,,0,38002-2A
,,,,0,38002-2A
,,,,0,38002-2A
,,,,0,38002-2A
,,,,0,38002-2A
,,,,0,38002-2A
,,,,0,38002-2A
,,,,0,38002-2A
,,,,0,38002-2A
,,,,0,38002-2A
,,,,0,38002-2A
,,,,0,38002-2A
,,,,0,38002-2A
,,,,0,38002-2A
,,,,0,38002-2A
,,,,0,38002-2A
,,,,0,38002-2A
,,,,0,38002-2A
,,,,0,38002-2A
,,,,0,38002-2A
,,,,0,38002-2A
,,,,0,38002-2A
,,,,0,38002-2A
,,,,0,38002-2A
,,,,0,38002-2A
,,,,0,38002-2A
,,,,0,38002-2A
,,,,0,38002-2A
,,,,0,38002-2A
,,,,0,38002-2A
,,,,0,38002-2A
,,,,0,38002-2A
,,,,0,38002-2A
,,,,0,38002-2A
,,,,0,38002-2A
,,,,0,38002-2A
,,,,0,38002-2A
,,,,0,38002-2A
,,,,0,38002-2A
,,,,0,38002-2A
,,,,0,38002-2A
,,,,0,38002-2A
,,,,0,38002-2A
,,,,0,38002-2A
,,,,0,38002-2A
,,,,0,38002-2A
,,,,0,38002-2A
,,,,0,38002-2A
,,,,0,38002-2A
,,,,0,38002-2A
,,,,0,38002-2A
,,,,0,38002-2A
,,,,0,38002-2A
,,,,0,38002-2A
,,,,0,38002-2A
,,,,0,38002-2A
,,,,0,38002-2A
,,,,0,38002-2A
,,,,0,38002-2A
,,,,0,38002-2A
,,,,0,38002-2A
,,,,0,38002-2A
,,,,0,38002-2A
,,,,0,38002-2A
,,,,0,38002-2A
,,,,0,38002-2A
,,,,0,38002-2A
1.0,Quiero cortarme el pelo (7),Quiero cortarme el pelo,,4,38003-2A
2.0,El libro estÃ¡ en la mesa (7),El libro estÃ¡ en la mesa,,4,38003-2A
3.0,El carro lo tiene Pedro (8),El carro tiene Pedro,,3,38003-2A
4.0,El se ducha cada maÃ±ana (9),El se ducha cada maÃ±ana,,4,38003-2A
5.0,Â¿QuÃ© dice usted que va a hacer hoy? (9),Â¿QuÃ© dices usted vas hacer hoy?,,3,38003-2A
6.0,Dudo que sepa manejar muy bien (10),Dudo que sepa manejar muy bien,,4,38003-2A
7.0,Las calles de esta ciudad son muy anchas (11),Las calles de esta ciudad es muy anchas,,3,38003-2A
8.0,Puede que llueva maÃ±ana todo el dÃ­a (12),Pueda que llueva maÃ±ana todo dÃ­a,,3,38003-2A
9.0,Las casas son muy bonitas pero caras (12),Las casas son muy bonitas para caras,,3,38003-2A
10.0,Me gustan las pelÃ­culas que acaban bien (12),Mis gus..Me gustas las pelÃ­culas que cada bien,,2,38003-2A
11.0,El chico con el que yo salgo es espaÃ±ol (13),El chico con esolago(es yo algo?) es espaÃ±ol,,3,38003-2A
12.0,DespuÃ©s de cenar me fui a dormir tranquilo (13),DespuÃ©s de cenar fui a dormir tranquilo,,3,38003-2A
13.0,Quiero una casa en la que vivan mis animales (14),Queda una ca..Quiere una casa en queda mis animales...mis animales quedan,,2,38003-2A
14.0,A nosotros nos fascinan las fiestas grandiosas (14),A nosotros fascinmas festivales,,2,38003-2A
15.0,Ella sÃ³lo bebe cerveza y no come nada (15),Ella sÃ³lo cerveza y como nada,,3,38003-2A
16.0,Me gustarÃ­a que el precio de las casas bajara (15),Me gustarÃ­a que los precios de la casa bajara,,3,38003-2A
17.0,Cruza a la derecha y despuÃ©s sigue todo recto (15),Sigue a la derecha y cruzo a la directo..y sique a la directo,,1,38003-2A
18.0,Ella ha terminado de pintar su apartamento (15),Ella se terminar pintar su apartamento,,3,38003-2A
19.0,Me gustarÃ­a que empezara a hacer mÃ¡s calor pronto (15),Me gustarÃ­a hacer..xx calores pronto,,2,38003-2A
20.0,El niÃ±o al que se le muriÃ³ el gato estÃ¡ triste (16),El niÃ±o que se muriÃ³ su gato es triste,,3,38003-2A
21.0,Una amiga mÃ­a cuida a los niÃ±os de mi vecino (16),Una amiga mÃ­a cuidado a los vecinos,,2,38003-2A
22.0,El gato que era negro fue perseguido por el perro (16),El gato que es negro... [cough]...,,2,38003-2A
23.0,Antes de poder salir Ã©l tiene que limpiar su cuarto (16),Antes de salir tienes xxx cu-cuarto,,0,38003-2A
24.0,La cantidad de personas que fuman ha disminuido (17),La cantidad de personas que fu-han fumado se distruy...,,2,38003-2A
25.0,DespuÃ©s de llegar a casa del trabajo tomÃ© la cena (17),DespuÃ©s de llegar a-de trabajo cena a mi casa,,2,38003-2A
26.0,El ladrÃ³n al que atrapÃ³ la policÃ­a era famoso (17),La ladrÃ³n que atropÃ³ la policÃ­a es famoso,,3,38003-2A
27.0,Le pedÃ­ a un amigo que me ayudara con la tarea (17),Le pedÃ­ un amigo que me ayuda con la tarea,,3,38003-2A
28.0,El examen no fue tan difÃ­cil como me habÃ­an dicho (17),El examen no ..a..va a..fue a tan difÃ­cil,,2,38003-2A
29.0,Â¿SerÃ­as tan amable de darme el libro que estÃ¡ en la mesa? (17),Sales de donde estÃ¡ mi libro en estÃ¡ mesa,,2,38003-2A
30.0,Hay mucha gente que no toma nada para el desayuno (17),Hay mucha gente que no toma tiempo para desayuno,,3,38003-2A
,,,,0,38003-2A
,,,,0,38003-2A
,,,,0,38003-2A
,,,,0,38003-2A
,,,,0,38003-2A
,,,,0,38003-2A
,,,,0,38003-2A
,,,,0,38003-2A
,,,,0,38003-2A
,,,,0,38003-2A
,,,,0,38003-2A
,,,,0,38003-2A
,,,,0,38003-2A
,,,,0,38003-2A
,,,,0,38003-2A
,,,,0,38003-2A
,,,,0,38003-2A
,,,,0,38003-2A
,,,,0,38003-2A
,,,,0,38003-2A
,,,,0,38003-2A
,,,,0,38003-2A
,,,,0,38003-2A
,,,,0,38003-2A
,,,,0,38003-2A
,,,,0,38003-2A
,,,,0,38003-2A
,,,,0,38003-2A
,,,,0,38003-2A
,,,,0,38003-2A
,,,,0,38003-2A
,,,,0,38003-2A
,,,,0,38003-2A
,,,,0,38003-2A
,,,,0,38003-2A
,,,,0,38003-2A
,,,,0,38003-2A
,,,,0,38003-2A
,,,,0,38003-2A
,,,,0,38003-2A
,,,,0,38003-2A
,,,,0,38003-2A
,,,,0,38003-2A
,,,,0,38003-2A
,,,,0,38003-2A
,,,,0,38003-2A
,,,,0,38003-2A
,,,,0,38003-2A
,,,,0,38003-2A
,,,,0,38003-2A
,,,,0,38003-2A
,,,,0,38003-2A
,,,,0,38003-2A
,,,,0,38003-2A
,,,,0,38003-2A
,,,,0,38003-2A
,,,,0,38003-2A
,,,,0,38003-2A
,,,,0,38003-2A
,,,,0,38003-2A
,,,,0,38003-2A
,,,,0,38003-2A
,,,,0,38003-2A
,,,,0,38003-2A
,,,,0,38003-2A
,,,,0,38003-2A
,,,,0,38003-2A
,,,,0,38003-2A
,,,,0,38003-2A
,,,,0,38003-2A
,,,,0,38003-2A
,,,,0,38003-2A
,,,,0,38003-2A
,,,,0,38003-2A
,,,,0,38003-2A
,,,,0,38003-2A
,,,,0,38003-2A
,,,,0,38003-2A
,,,,0,38003-2A
,,,,0,38003-2A
,,,,0,38003-2A
,,,,0,38003-2A
,,,,0,38003-2A
,,,,0,38003-2A
,,,,0,38003-2A
,,,,0,38003-2A
,,,,0,38003-2A
,,,,0,38003-2A
,,,,0,38003-2A
,,,,0,38003-2A
,,,,0,38003-2A
,,,,0,38003-2A
,,,,0,38003-2A
,,,,0,38003-2A
,,,,0,38003-2A
,,,,0,38003-2A
,,,,0,38003-2A
,,,,0,38003-2A
,,,,0,38003-2A
,,,,0,38003-2A
,,,,0,38003-2A
,,,,0,38003-2A
,,,,0,38003-2A
,,,,0,38003-2A
,,,,0,38003-2A
,,,,0,38003-2A
,,,,0,38003-2A
,,,,0,38003-2A
,,,,0,38003-2A
,,,,0,38003-2A
,,,,0,38003-2A
,,,,0,38003-2A
,,,,0,38003-2A
,,,,0,38003-2A
,,,,0,38003-2A
,,,,0,38003-2A
,,,,0,38003-2A
,,,,0,38003-2A
,,,,0,38003-2A
,,,,0,38003-2A
,,,,0,38003-2A
,,,,0,38003-2A
,,,,0,38003-2A
,,,,0,38003-2A
,,,,0,38003-2A
,,,,0,38003-2A
,,,,0,38003-2A
,,,,0,38003-2A
,,,,0,38003-2A
,,,,0,38003-2A
,,,,0,38003-2A
,,,,0,38003-2A
,,,,0,38003-2A
,,,,0,38003-2A
,,,,0,38003-2A
,,,,0,38003-2A
,,,,0,38003-2A
,,,,0,38003-2A
,,,,0,38003-2A
,,,,0,38003-2A
,,,,0,38003-2A
,,,,0,38003-2A
,,,,0,38003-2A
,,,,0,38003-2A
,,,,0,38003-2A
,,,,0,38003-2A
,,,,0,38003-2A
,,,,0,38003-2A
,,,,0,38003-2A
,,,,0,38003-2A
,,,,0,38003-2A
,,,,0,38003-2A
,,,,0,38003-2A
,,,,0,38003-2A
,,,,0,38003-2A
,,,,0,38003-2A
,,,,0,38003-2A
,,,,0,38003-2A
,,,,0,38003-2A
,,,,0,38003-2A
,,,,0,38003-2A
,,,,0,38003-2A
,,,,0,38003-2A
,,,,0,38003-2A
,,,,0,38003-2A
,,,,0,38003-2A
,,,,0,38003-2A
,,,,0,38003-2A
,,,,0,38003-2A
,,,,0,38003-2A
,,,,0,38003-2A
,,,,0,38003-2A
,,,,0,38003-2A
,,,,0,38003-2A
,,,,0,38003-2A
,,,,0,38003-2A
,,,,0,38003-2A
,,,,0,38003-2A
,,,,0,38003-2A
,,,,0,38003-2A
,,,,0,38003-2A
,,,,0,38003-2A
,,,,0,38003-2A
,,,,0,38003-2A
,,,,0,38003-2A
,,,,0,38003-2A
,,,,0,38003-2A
,,,,0,38003-2A
,,,,0,38003-2A
,,,,0,38003-2A
,,,,0,38003-2A
,,,,0,38003-2A
,,,,0,38003-2A
,,,,0,38003-2A
,,,,0,38003-2A
,,,,0,38003-2A
,,,,0,38003-2A
,,,,0,38003-2A
,,,,0,38003-2A
,,,,0,38003-2A
,,,,0,38003-2A
,,,,0,38003-2A
,,,,0,38003-2A
,,,,0,38003-2A
,,,,0,38003-2A
,,,,0,38003-2A
,,,,0,38003-2A
,,,,0,38003-2A
,,,,0,38003-2A
,,,,0,38003-2A
,,,,0,38003-2A
,,,,0,38003-2A
,,,,0,38003-2A
,,,,0,38003-2A
,,,,0,38003-2A
,,,,0,38003-2A
,,,,0,38003-2A
,,,,0,38003-2A
,,,,0,38003-2A
,,,,0,38003-2A
,,,,0,38003-2A
,,,,0,38003-2A
,,,,0,38003-2A
,,,,0,38003-2A
,,,,0,38003-2A
,,,,0,38003-2A
,,,,0,38003-2A
,,,,0,38003-2A
,,,,0,38003-2A
,,,,0,38003-2A
,,,,0,38003-2A
,,,,0,38003-2A
,,,,0,38003-2A
,,,,0,38003-2A
,,,,0,38003-2A
,,,,0,38003-2A
,,,,0,38003-2A
,,,,0,38003-2A
,,,,0,38003-2A
,,,,0,38003-2A
,,,,0,38003-2A
,,,,0,38003-2A
,,,,0,38003-2A
,,,,0,38003-2A
,,,,0,38003-2A
,,,,0,38003-2A
,,,,0,38003-2A
,,,,0,38003-2A
,,,,0,38003-2A
,,,,0,38003-2A
,,,,0,38003-2A
,,,,0,38003-2A
,,,,0,38003-2A
,,,,0,38003-2A
,,,,0,38003-2A
,,,,0,38003-2A
,,,,0,38003-2A
,,,,0,38003-2A
,,,,0,38003-2A
,,,,0,38003-2A
,,,,0,38003-2A
,,,,0,38003-2A
,,,,0,38003-2A
,,,,0,38003-2A
,,,,0,38003-2A
,,,,0,38003-2A
,,,,0,38003-2A
,,,,0,38003-2A
,,,,0,38003-2A
,,,,0,38003-2A
,,,,0,38003-2A
,,,,0,38003-2A
,,,,0,38003-2A
,,,,0,38003-2A
,,,,0,38003-2A
,,,,0,38003-2A
,,,,0,38003-2A
,,,,0,38003-2A
,,,,0,38003-2A
,,,,0,38003-2A
,,,,0,38003-2A
,,,,0,38003-2A
,,,,0,38003-2A
,,,,0,38003-2A
,,,,0,38003-2A
,,,,0,38003-2A
,,,,0,38003-2A
,,,,0,38003-2A
,,,,0,38003-2A
,,,,0,38003-2A
,,,,0,38003-2A
,,,,0,38003-2A
,,,,0,38003-2A
,,,,0,38003-2A
,,,,0,38003-2A
,,,,0,38003-2A
,,,,0,38003-2A
,,,,0,38003-2A
,,,,0,38003-2A
,,,,0,38003-2A
,,,,0,38003-2A
,,,,0,38003-2A
,,,,0,38003-2A
,,,,0,38003-2A
,,,,0,38003-2A
,,,,0,38003-2A
,,,,0,38003-2A
,,,,0,38003-2A
,,,,0,38003-2A
,,,,0,38003-2A
,,,,0,38003-2A
,,,,0,38003-2A
,,,,0,38003-2A
,,,,0,38003-2A
,,,,0,38003-2A
,,,,0,38003-2A
,,,,0,38003-2A
,,,,0,38003-2A
,,,,0,38003-2A
,,,,0,38003-2A
,,,,0,38003-2A
,,,,0,38003-2A
,,,,0,38003-2A
,,,,0,38003-2A
,,,,0,38003-2A
,,,,0,38003-2A
,,,,0,38003-2A
,,,,0,38003-2A
,,,,0,38003-2A
,,,,0,38003-2A
,,,,0,38003-2A
,,,,0,38003-2A
,,,,0,38003-2A
,,,,0,38003-2A
,,,,0,38003-2A
,,,,0,38003-2A
,,,,0,38003-2A
,,,,0,38003-2A
,,,,0,38003-2A
,,,,0,38003-2A
,,,,0,38003-2A
,,,,0,38003-2A
,,,,0,38003-2A
,,,,0,38003-2A
,,,,0,38003-2A
,,,,0,38003-2A
,,,,0,38003-2A
,,,,0,38003-2A
,,,,0,38003-2A
,,,,0,38003-2A
,,,,0,38003-2A
,,,,0,38003-2A
,,,,0,38003-2A
,,,,0,38003-2A
,,,,0,38003-2A
,,,,0,38003-2A
,,,,0,38003-2A
,,,,0,38003-2A
,,,,0,38003-2A
,,,,0,38003-2A
,,,,0,38003-2A
,,,,0,38003-2A
,,,,0,38003-2A
,,,,0,38003-2A
,,,,0,38003-2A
,,,,0,38003-2A
,,,,0,38003-2A
,,,,0,38003-2A
,,,,0,38003-2A
,,,,0,38003-2A
,,,,0,38003-2A
,,,,0,38003-2A
,,,,0,38003-2A
,,,,0,38003-2A
,,,,0,38003-2A
,,,,0,38003-2A
,,,,0,38003-2A
,,,,0,38003-2A
,,,,0,38003-2A
,,,,0,38003-2A
,,,,0,38003-2A
,,,,0,38003-2A
,,,,0,38003-2A
,,,,0,38003-2A
,,,,0,38003-2A
,,,,0,38003-2A
,,,,0,38003-2A
,,,,0,38003-2A
,,,,0,38003-2A
,,,,0,38003-2A
,,,,0,38003-2A
,,,,0,38003-2A
,,,,0,38003-2A
,,,,0,38003-2A
,,,,0,38003-2A
,,,,0,38003-2A
,,,,0,38003-2A
,,,,0,38003-2A
,,,,0,38003-2A
,,,,0,38003-2A
,,,,0,38003-2A
,,,,0,38003-2A
,,,,0,38003-2A
,,,,0,38003-2A
,,,,0,38003-2A
,,,,0,38003-2A
,,,,0,38003-2A
,,,,0,38003-2A
,,,,0,38003-2A
,,,,0,38003-2A
,,,,0,38003-2A
,,,,0,38003-2A
,,,,0,38003-2A
,,,,0,38003-2A
,,,,0,38003-2A
,,,,0,38003-2A
,,,,0,38003-2A
,,,,0,38003-2A
,,,,0,38003-2A
,,,,0,38003-2A
,,,,0,38003-2A
,,,,0,38003-2A
,,,,0,38003-2A
,,,,0,38003-2A
,,,,0,38003-2A
,,,,0,38003-2A
,,,,0,38003-2A
,,,,0,38003-2A
,,,,0,38003-2A
,,,,0,38003-2A
,,,,0,38003-2A
,,,,0,38003-2A
,,,,0,38003-2A
,,,,0,38003-2A
,,,,0,38003-2A
,,,,0,38003-2A
,,,,0,38003-2A
,,,,0,38003-2A
,,,,0,38003-2A
,,,,0,38003-2A
,,,,0,38003-2A
,,,,0,38003-2A
,,,,0,38003-2A
,,,,0,38003-2A
,,,,0,38003-2A
,,,,0,38003-2A
,,,,0,38003-2A
,,,,0,38003-2A
,,,,0,38003-2A
,,,,0,38003-2A
,,,,0,38003-2A
,,,,0,38003-2A
,,,,0,38003-2A
,,,,0,38003-2A
,,,,0,38003-2A
,,,,0,38003-2A
,,,,0,38003-2A
,,,,0,38003-2A
,,,,0,38003-2A
,,,,0,38003-2A
,,,,0,38003-2A
,,,,0,38003-2A
,,,,0,38003-2A
,,,,0,38003-2A
,,,,0,38003-2A
,,,,0,38003-2A
,,,,0,38003-2A
,,,,0,38003-2A
,,,,0,38003-2A
,,,,0,38003-2A
,,,,0,38003-2A
,,,,0,38003-2A
,,,,0,38003-2A
,,,,0,38003-2A
,,,,0,38003-2A
,,,,0,38003-2A
,,,,0,38003-2A
,,,,0,38003-2A
,,,,0,38003-2A
,,,,0,38003-2A
,,,,0,38003-2A
,,,,0,38003-2A
,,,,0,38003-2A
,,,,0,38003-2A
,,,,0,38003-2A
,,,,0,38003-2A
,,,,0,38003-2A
,,,,0,38003-2A
,,,,0,38003-2A
,,,,0,38003-2A
,,,,0,38003-2A
,,,,0,38003-2A
,,,,0,38003-2A
,,,,0,38003-2A
,,,,0,38003-2A
,,,,0,38003-2A
,,,,0,38003-2A
,,,,0,38003-2A
,,,,0,38003-2A
,,,,0,38003-2A
,,,,0,38003-2A
,,,,0,38003-2A
,,,,0,38003-2A
,,,,0,38003-2A
,,,,0,38003-2A
,,,,0,38003-2A
,,,,0,38003-2A
,,,,0,38003-2A
,,,,0,38003-2A
,,,,0,38003-2A
,,,,0,38003-2A
,,,,0,38003-2A
,,,,0,38003-2A
,,,,0,38003-2A
,,,,0,38003-2A
,,,,0,38003-2A
,,,,0,38003-2A
,,,,0,38003-2A
,,,,0,38003-2A
,,,,0,38003-2A
,,,,0,38003-2A
,,,,0,38003-2A
,,,,0,38003-2A
,,,,0,38003-2A
,,,,0,38003-2A
,,,,0,38003-2A
,,,,0,38003-2A
,,,,0,38003-2A
,,,,0,38003-2A
,,,,0,38003-2A
,,,,0,38003-2A
,,,,0,38003-2A
,,,,0,38003-2A
,,,,0,38003-2A
,,,,0,38003-2A
,,,,0,38003-2A
,,,,0,38003-2A
,,,,0,38003-2A
,,,,0,38003-2A
,,,,0,38003-2A
,,,,0,38003-2A
,,,,0,38003-2A
,,,,0,38003-2A
,,,,0,38003-2A
,,,,0,38003-2A
,,,,0,38003-2A
,,,,0,38003-2A
,,,,0,38003-2A
,,,,0,38003-2A
,,,,0,38003-2A
,,,,0,38003-2A
,,,,0,38003-2A
,,,,0,38003-2A
,,,,0,38003-2A
,,,,0,38003-2A
,,,,0,38003-2A
,,,,0,38003-2A
,,,,0,38003-2A
,,,,0,38003-2A
,,,,0,38003-2A
,,,,0,38003-2A
,,,,0,38003-2A
,,,,0,38003-2A
,,,,0,38003-2A
,,,,0,38003-2A
,,,,0,38003-2A
,,,,0,38003-2A
,,,,0,38003-2A
,,,,0,38003-2A
,,,,0,38003-2A
,,,,0,38003-2A
,,,,0,38003-2A
,,,,0,38003-2A
,,,,0,38003-2A
,,,,0,38003-2A
,,,,0,38003-2A
,,,,0,38003-2A
,,,,0,38003-2A
,,,,0,38003-2A
,,,,0,38003-2A
,,,,0,38003-2A
,,,,0,38003-2A
,,,,0,38003-2A
,,,,0,38003-2A
,,,,0,38003-2A
,,,,0,38003-2A
,,,,0,38003-2A
,,,,0,38003-2A
,,,,0,38003-2A
,,,,0,38003-2A
,,,,0,38003-2A
,,,,0,38003-2A
,,,,0,38003-2A
,,,,0,38003-2A
,,,,0,38003-2A
,,,,0,38003-2A
,,,,0,38003-2A
,,,,0,38003-2A
,,,,0,38003-2A
,,,,0,38003-2A
,,,,0,38003-2A
,,,,0,38003-2A
,,,,0,38003-2A
,,,,0,38003-2A
,,,,0,38003-2A
,,,,0,38003-2A
,,,,0,38003-2A
,,,,0,38003-2A
,,,,0,38003-2A
,,,,0,38003-2A
,,,,0,38003-2A
,,,,0,38003-2A
,,,,0,38003-2A
,,,,0,38003-2A
,,,,0,38003-2A
,,,,0,38003-2A
,,,,0,38003-2A
,,,,0,38003-2A
,,,,0,38003-2A
,,,,0,38003-2A
,,,,0,38003-2A
,,,,0,38003-2A
,,,,0,38003-2A
,,,,0,38003-2A
,,,,0,38003-2A
,,,,0,38003-2A
,,,,0,38003-2A
,,,,0,38003-2A
,,,,0,38003-2A
,,,,0,38003-2A
,,,,0,38003-2A
,,,,0,38003-2A
,,,,0,38003-2A
,,,,0,38003-2A
,,,,0,38003-2A
,,,,0,38003-2A
,,,,0,38003-2A
,,,,0,38003-2A
,,,,0,38003-2A
,,,,0,38003-2A
,,,,0,38003-2A
,,,,0,38003-2A
,,,,0,38003-2A
,,,,0,38003-2A
,,,,0,38003-2A
,,,,0,38003-2A
,,,,0,38003-2A
,,,,0,38003-2A
,,,,0,38003-2A
,,,,0,38003-2A
,,,,0,38003-2A
,,,,0,38003-2A
,,,,0,38003-2A
,,,,0,38003-2A
,,,,0,38003-2A
,,,,0,38003-2A
,,,,0,38003-2A
,,,,0,38003-2A
,,,,0,38003-2A
,,,,0,38003-2A
,,,,0,38003-2A
,,,,0,38003-2A
,,,,0,38003-2A
,,,,0,38003-2A
,,,,0,38003-2A
,,,,0,38003-2A
,,,,0,38003-2A
,,,,0,38003-2A
,,,,0,38003-2A
,,,,0,38003-2A
,,,,0,38003-2A
,,,,0,38003-2A
,,,,0,38003-2A
,,,,0,38003-2A
,,,,0,38003-2A
,,,,0,38003-2A
,,,,0,38003-2A
,,,,0,38003-2A
,,,,0,38003-2A
,,,,0,38003-2A
,,,,0,38003-2A
,,,,0,38003-2A
,,,,0,38003-2A
,,,,0,38003-2A
,,,,0,38003-2A
,,,,0,38003-2A
,,,,0,38003-2A
,,,,0,38003-2A
,,,,0,38003-2A
,,,,0,38003-2A
,,,,0,38003-2A
,,,,0,38003-2A
,,,,0,38003-2A
,,,,0,38003-2A
,,,,0,38003-2A
,,,,0,38003-2A
,,,,0,38003-2A
,,,,0,38003-2A
,,,,0,38003-2A
,,,,0,38003-2A
,,,,0,38003-2A
,,,,0,38003-2A
,,,,0,38003-2A
,,,,0,38003-2A
,,,,0,38003-2A
,,,,0,38003-2A
,,,,0,38003-2A
,,,,0,38003-2A
,,,,0,38003-2A
,,,,0,38003-2A
,,,,0,38003-2A
,,,,0,38003-2A
,,,,0,38003-2A
,,,,0,38003-2A
,,,,0,38003-2A
,,,,0,38003-2A
,,,,0,38003-2A
,,,,0,38003-2A
,,,,0,38003-2A
,,,,0,38003-2A
,,,,0,38003-2A
,,,,0,38003-2A
,,,,0,38003-2A
,,,,0,38003-2A
,,,,0,38003-2A
,,,,0,38003-2A
,,,,0,38003-2A
,,,,0,38003-2A
,,,,0,38003-2A
,,,,0,38003-2A
,,,,0,38003-2A
,,,,0,38003-2A
,,,,0,38003-2A
,,,,0,38003-2A
,,,,0,38003-2A
,,,,0,38003-2A
,,,,0,38003-2A
,,,,0,38003-2A
,,,,0,38003-2A
,,,,0,38003-2A
,,,,0,38003-2A
,,,,0,38003-2A
,,,,0,38003-2A
,,,,0,38003-2A
,,,,0,38003-2A
,,,,0,38003-2A
,,,,0,38003-2A
,,,,0,38003-2A
,,,,0,38003-2A
,,,,0,38003-2A
,,,,0,38003-2A
,,,,0,38003-2A
,,,,0,38003-2A
,,,,0,38003-2A
,,,,0,38003-2A
,,,,0,38003-2A
,,,,0,38003-2A
,,,,0,38003-2A
,,,,0,38003-2A
,,,,0,38003-2A
,,,,0,38003-2A
,,,,0,38003-2A
,,,,0,38003-2A
,,,,0,38003-2A
,,,,0,38003-2A
,,,,0,38003-2A
,,,,0,38003-2A
,,,,0,38003-2A
,,,,0,38003-2A
,,,,0,38003-2A
,,,,0,38003-2A
,,,,0,38003-2A
,,,,0,38003-2A
,,,,0,38003-2A
,,,,0,38003-2A
,,,,0,38003-2A
,,,,0,38003-2A
,,,,0,38003-2A
,,,,0,38003-2A
,,,,0,38003-2A
,,,,0,38003-2A
,,,,0,38003-2A
,,,,0,38003-2A
,,,,0,38003-2A
,,,,0,38003-2A
,,,,0,38003-2A
,,,,0,38003-2A
,,,,0,38003-2A
,,,,0,38003-2A
,,,,0,38003-2A
,,,,0,38003-2A
,,,,0,38003-2A
,,,,0,38003-2A
,,,,0,38003-2A
,,,,0,38003-2A
,,,,0,38003-2A
,,,,0,38003-2A
,,,,0,38003-2A
,,,,0,38003-2A
,,,,0,38003-2A
,,,,0,38003-2A
,,,,0,38003-2A
,,,,0,38003-2A
,,,,0,38003-2A
,,,,0,38003-2A
,,,,0,38003-2A
,,,,0,38003-2A
,,,,0,38003-2A
,,,,0,38003-2A
,,,,0,38003-2A
,,,,0,38003-2A
,,,,0,38003-2A
,,,,0,38003-2A
,,,,0,38003-2A
,,,,0,38003-2A
,,,,0,38003-2A
,,,,0,38003-2A
,,,,0,38003-2A
,,,,0,38003-2A
,,,,0,38003-2A
,,,,0,38003-2A
,,,,0,38003-2A
,,,,0,38003-2A
,,,,0,38003-2A
,,,,0,38003-2A
,,,,0,38003-2A
,,,,0,38003-2A
,,,,0,38003-2A
,,,,0,38003-2A
,,,,0,38003-2A
,,,,0,38003-2A
,,,,0,38003-2A
,,,,0,38003-2A
,,,,0,38003-2A
,,,,0,38003-2A
,,,,0,38003-2A
,,,,0,38003-2A
,,,,0,38003-2A
,,,,0,38003-2A
,,,,0,38003-2A
,,,,0,38003-2A
,,,,0,38003-2A
,,,,0,38003-2A
,,,,0,38003-2A
,,,,0,38003-2A
,,,,0,38003-2A
,,,,0,38003-2A
,,,,0,38003-2A
,,,,0,38003-2A
,,,,0,38003-2A
,,,,0,38003-2A
,,,,0,38003-2A
,,,,0,38003-2A
,,,,0,38003-2A
,,,,0,38003-2A
,,,,0,38003-2A
,,,,0,38003-2A
,,,,0,38003-2A
,,,,0,38003-2A
,,,,0,38003-2A
,,,,0,38003-2A
,,,,0,38003-2A
,,,,0,38003-2A
,,,,0,38003-2A
,,,,0,38003-2A
,,,,0,38003-2A
,,,,0,38003-2A
,,,,0,38003-2A
,,,,0,38003-2A
,,,,0,38003-2A
,,,,0,38003-2A
,,,,0,38003-2A
,,,,0,38003-2A
,,,,0,38003-2A
,,,,0,38003-2A
,,,,0,38003-2A
,,,,0,38003-2A
,,,,0,38003-2A
,,,,0,38003-2A
,,,,0,38003-2A
,,,,0,38003-2A
,,,,0,38003-2A
,,,,0,38003-2A
,,,,0,38003-2A
,,,,0,38003-2A
,,,,0,38003-2A
,,,,0,38003-2A
,,,,0,38003-2A
,,,,0,38003-2A
,,,,0,38003-2A
,,,,0,38003-2A
,,,,0,38003-2A
,,,,0,38003-2A
,,,,0,38003-2A
,,,,0,38003-2A
,,,,0,38003-2A
,,,,0,38003-2A
,,,,0,38003-2A
,,,,0,38003-2A
,,,,0,38003-2A
,,,,0,38003-2A
,,,,0,38003-2A
,,,,0,38003-2A
,,,,0,38003-2A
,,,,0,38003-2A
,,,,0,38003-2A
,,,,0,38003-2A
,,,,0,38003-2A
,,,,0,38003-2A
,,,,0,38003-2A
,,,,0,38003-2A
,,,,0,38003-2A
,,,,0,38003-2A
,,,,0,38003-2A
,,,,0,38003-2A
,,,,0,38003-2A
,,,,0,38003-2A
,,,,0,38003-2A
,,,,0,38003-2A
,,,,0,38003-2A
,,,,0,38003-2A
,,,,0,38003-2A
,,,,0,38003-2A
,,,,0,38003-2A
,,,,0,38003-2A
,,,,0,38003-2A
,,,,0,38003-2A
,,,,0,38003-2A
,,,,0,38003-2A
,,,,0,38003-2A
,,,,0,38003-2A
,,,,0,38003-2A
,,,,0,38003-2A
,,,,0,38003-2A
,,,,0,38003-2A
,,,,0,38003-2A
,,,,0,38003-2A
,,,,0,38003-2A
,,,,0,38003-2A
,,,,0,38003-2A
,,,,0,38003-2A
,,,,0,38003-2A
,,,,0,38003-2A
,,,,0,38003-2A
,,,,0,38003-2A
,,,,0,38003-2A
,,,,0,38003-2A
,,,,0,38003-2A
,,,,0,38003-2A
,,,,0,38003-2A
,,,,0,38003-2A
,,,,0,38003-2A
,,,,0,38003-2A
,,,,0,38003-2A
,,,,0,38003-2A
,,,,0,38003-2A
,,,,0,38003-2A
,,,,0,38003-2A
,,,,0,38003-2A
,,,,0,38003-2A
,,,,0,38003-2A
,,,,0,38003-2A
,,,,0,38003-2A
,,,,0,38003-2A
,,,,0,38003-2A
,,,,0,38003-2A
,,,,0,38003-2A
,,,,0,38003-2A
,,,,0,38003-2A
1.0,Quiero cortarme el pelo (7),Quiero cortarme mi pelo,,3,38006-2A
2.0,El libro estÃ¡ en la mesa (7),El libro [pause] estÃ¡ en la mesa,,3,38006-2A
3.0,El carro lo tiene Pedro (8),E-[gibberish] perro,,1,38006-2A
4.0,El se ducha cada maÃ±ana (9),El se lucha cada maÃ±ana,,3,38006-2A
5.0,Â¿QuÃ© dice usted que va a hacer hoy? (9),Â¿QuÃ© [gibberish] que vas estoy?,,2,38006-2A
6.0,Dudo que sepa manejar muy bien (10),Dudo que sepa ma-mastar tan bien (tambien?),,2,38006-2A
7.0,Las calles de esta ciudad son muy anchas (11),Las calles..es-[gibberish]...,,1,38006-2A
8.0,Puede que llueva maÃ±ana todo el dÃ­a (12),Puede xxx maÃ±ana de todo dÃ­a,,0,38006-2A
9.0,Las casas son muy bonitas pero caras (12),A las casa es mu-son bonitas,,2,38006-2A
10.0,Me gustan las pelÃ­culas que acaban bien (12),Me gusta las pelÃ­culas que x bien,,3,38006-2A
11.0,El chico con el que yo salgo es espaÃ±ol (13),El chico con es el algo (xxx?) es espaÃ±ol,,0,38006-2A
12.0,DespuÃ©s de cenar me fui a dormir tranquilo (13),DespuÃ©s de fenar mi fui a tranquilo,,3,38006-2A
13.0,Quiero una casa en la que vivan mis animales (14),Quienen que en el casa ...muchos animales,,2,38006-2A
14.0,A nosotros nos fascinan las fiestas grandiosas (14),A nosotros fanimos [pause] fiestas grandiosas,,2,38006-2A
15.0,Ella sÃ³lo bebe cerveza y no come nada (15),Ella bebidas cerviamos y no comidas,,2,38006-2A
16.0,Me gustarÃ­a que el precio de las casas bajara (15),Me gustarÃ­a ser..ella...mhh..,,2,38006-2A
17.0,Cruza a la derecha y despuÃ©s sigue todo recto (15),Cruze a la derecha de siguelo,,2,38006-2A
18.0,Ella ha terminado de pintar su apartamento (15),Ella terminado pintar a sus apartmento,,3,38006-2A
19.0,Me gustarÃ­a que empezara a hacer mÃ¡s calor pronto (15),Me gustarÃ­a se..[pause] xxx pronto,,0,38006-2A
20.0,El niÃ±o al que se le muriÃ³ el gato estÃ¡ triste (16),El niÃ±o se muriÃ³ el gato es muy triste,,2,38006-2A
21.0,Una amiga mÃ­a cuida a los niÃ±os de mi vecino (16),Una mÃ­a amiga cuidado a sus niÃ±os,,2,38006-2A
22.0,El gato que era negro fue perseguido por el perro (16),El gato-el gato quien era el nego de perro,,2,38006-2A
23.0,Antes de poder salir Ã©l tiene que limpiar su cuarto (16),Antes de podai e salir..[pause] antes de xxx,,0,38006-2A
24.0,La cantidad de personas que fuman ha disminuido (17),A la cantan... [pause] muy a xxx,,0,38006-2A
25.0,DespuÃ©s de llegar a casa del trabajo tomÃ© la cena (17),DespuÃ©s de llegar [pause] al trabajo...,,2,38006-2A
26.0,El ladrÃ³n al que atrapÃ³ la policÃ­a era famoso (17),X- ladrÃ³na(?)de policio que es famoso,,2,38006-2A
27.0,Le pedÃ­ a un amigo que me ayudara con la tarea (17),Que ped-x una amigo [pause] a su tarea,,2,38006-2A
28.0,El examen no fue tan difÃ­cil como me habÃ­an dicho (17),El examen no difÃ­cil.. [pause]... [gibberish],,2,38006-2A
29.0,Â¿SerÃ­as tan amable de darme el libro que estÃ¡ en la mesa? (17),El libro que estÃ¡ en la mesa,,2,38006-2A
30.0,Hay mucha gente que no toma nada para el desayuno (17),A mucha gente xxx...,,0,38006-2A
,,,,0,38006-2A
,,,,0,38006-2A
,,,,0,38006-2A
,,,,0,38006-2A
,,,,0,38006-2A
,,,,0,38006-2A
,,,,0,38006-2A
,,,,0,38006-2A
,,,,0,38006-2A
,,,,0,38006-2A
,,,,0,38006-2A
,,,,0,38006-2A
,,,,0,38006-2A
,,,,0,38006-2A
,,,,0,38006-2A
,,,,0,38006-2A
,,,,0,38006-2A
,,,,0,38006-2A
,,,,0,38006-2A
,,,,0,38006-2A
,,,,0,38006-2A
,,,,0,38006-2A
,,,,0,38006-2A
,,,,0,38006-2A
,,,,0,38006-2A
,,,,0,38006-2A
,,,,0,38006-2A
,,,,0,38006-2A
,,,,0,38006-2A
,,,,0,38006-2A
,,,,0,38006-2A
,,,,0,38006-2A
,,,,0,38006-2A
,,,,0,38006-2A
,,,,0,38006-2A
,,,,0,38006-2A
,,,,0,38006-2A
,,,,0,38006-2A
,,,,0,38006-2A
,,,,0,38006-2A
,,,,0,38006-2A
,,,,0,38006-2A
,,,,0,38006-2A
,,,,0,38006-2A
,,,,0,38006-2A
,,,,0,38006-2A
,,,,0,38006-2A
,,,,0,38006-2A
,,,,0,38006-2A
,,,,0,38006-2A
,,,,0,38006-2A
,,,,0,38006-2A
,,,,0,38006-2A
,,,,0,38006-2A
,,,,0,38006-2A
,,,,0,38006-2A
,,,,0,38006-2A
,,,,0,38006-2A
,,,,0,38006-2A
,,,,0,38006-2A
,,,,0,38006-2A
,,,,0,38006-2A
,,,,0,38006-2A
,,,,0,38006-2A
,,,,0,38006-2A
,,,,0,38006-2A
,,,,0,38006-2A
,,,,0,38006-2A
,,,,0,38006-2A
,,,,0,38006-2A
,,,,0,38006-2A
,,,,0,38006-2A
,,,,0,38006-2A
,,,,0,38006-2A
,,,,0,38006-2A
,,,,0,38006-2A
,,,,0,38006-2A
,,,,0,38006-2A
,,,,0,38006-2A
,,,,0,38006-2A
,,,,0,38006-2A
,,,,0,38006-2A
,,,,0,38006-2A
,,,,0,38006-2A
,,,,0,38006-2A
,,,,0,38006-2A
,,,,0,38006-2A
,,,,0,38006-2A
,,,,0,38006-2A
,,,,0,38006-2A
,,,,0,38006-2A
,,,,0,38006-2A
,,,,0,38006-2A
,,,,0,38006-2A
,,,,0,38006-2A
,,,,0,38006-2A
,,,,0,38006-2A
,,,,0,38006-2A
,,,,0,38006-2A
,,,,0,38006-2A
,,,,0,38006-2A
,,,,0,38006-2A
,,,,0,38006-2A
,,,,0,38006-2A
,,,,0,38006-2A
,,,,0,38006-2A
,,,,0,38006-2A
,,,,0,38006-2A
,,,,0,38006-2A
,,,,0,38006-2A
,,,,0,38006-2A
,,,,0,38006-2A
,,,,0,38006-2A
,,,,0,38006-2A
,,,,0,38006-2A
,,,,0,38006-2A
,,,,0,38006-2A
,,,,0,38006-2A
,,,,0,38006-2A
,,,,0,38006-2A
,,,,0,38006-2A
,,,,0,38006-2A
,,,,0,38006-2A
,,,,0,38006-2A
,,,,0,38006-2A
,,,,0,38006-2A
,,,,0,38006-2A
,,,,0,38006-2A
,,,,0,38006-2A
,,,,0,38006-2A
,,,,0,38006-2A
,,,,0,38006-2A
,,,,0,38006-2A
,,,,0,38006-2A
,,,,0,38006-2A
,,,,0,38006-2A
,,,,0,38006-2A
,,,,0,38006-2A
,,,,0,38006-2A
,,,,0,38006-2A
,,,,0,38006-2A
,,,,0,38006-2A
,,,,0,38006-2A
,,,,0,38006-2A
,,,,0,38006-2A
,,,,0,38006-2A
,,,,0,38006-2A
,,,,0,38006-2A
,,,,0,38006-2A
,,,,0,38006-2A
,,,,0,38006-2A
,,,,0,38006-2A
,,,,0,38006-2A
,,,,0,38006-2A
,,,,0,38006-2A
,,,,0,38006-2A
,,,,0,38006-2A
,,,,0,38006-2A
,,,,0,38006-2A
,,,,0,38006-2A
,,,,0,38006-2A
,,,,0,38006-2A
,,,,0,38006-2A
,,,,0,38006-2A
,,,,0,38006-2A
,,,,0,38006-2A
,,,,0,38006-2A
,,,,0,38006-2A
,,,,0,38006-2A
,,,,0,38006-2A
,,,,0,38006-2A
,,,,0,38006-2A
,,,,0,38006-2A
,,,,0,38006-2A
,,,,0,38006-2A
,,,,0,38006-2A
,,,,0,38006-2A
,,,,0,38006-2A
,,,,0,38006-2A
,,,,0,38006-2A
,,,,0,38006-2A
,,,,0,38006-2A
,,,,0,38006-2A
,,,,0,38006-2A
,,,,0,38006-2A
,,,,0,38006-2A
,,,,0,38006-2A
,,,,0,38006-2A
,,,,0,38006-2A
,,,,0,38006-2A
,,,,0,38006-2A
,,,,0,38006-2A
,,,,0,38006-2A
,,,,0,38006-2A
,,,,0,38006-2A
,,,,0,38006-2A
,,,,0,38006-2A
,,,,0,38006-2A
,,,,0,38006-2A
,,,,0,38006-2A
,,,,0,38006-2A
,,,,0,38006-2A
,,,,0,38006-2A
,,,,0,38006-2A
,,,,0,38006-2A
,,,,0,38006-2A
,,,,0,38006-2A
,,,,0,38006-2A
,,,,0,38006-2A
,,,,0,38006-2A
,,,,0,38006-2A
,,,,0,38006-2A
,,,,0,38006-2A
,,,,0,38006-2A
,,,,0,38006-2A
,,,,0,38006-2A
,,,,0,38006-2A
,,,,0,38006-2A
,,,,0,38006-2A
,,,,0,38006-2A
,,,,0,38006-2A
,,,,0,38006-2A
,,,,0,38006-2A
,,,,0,38006-2A
,,,,0,38006-2A
,,,,0,38006-2A
,,,,0,38006-2A
,,,,0,38006-2A
,,,,0,38006-2A
,,,,0,38006-2A
,,,,0,38006-2A
,,,,0,38006-2A
,,,,0,38006-2A
,,,,0,38006-2A
,,,,0,38006-2A
,,,,0,38006-2A
,,,,0,38006-2A
,,,,0,38006-2A
,,,,0,38006-2A
,,,,0,38006-2A
,,,,0,38006-2A
,,,,0,38006-2A
,,,,0,38006-2A
,,,,0,38006-2A
,,,,0,38006-2A
,,,,0,38006-2A
,,,,0,38006-2A
,,,,0,38006-2A
,,,,0,38006-2A
,,,,0,38006-2A
,,,,0,38006-2A
,,,,0,38006-2A
,,,,0,38006-2A
,,,,0,38006-2A
,,,,0,38006-2A
,,,,0,38006-2A
,,,,0,38006-2A
,,,,0,38006-2A
,,,,0,38006-2A
,,,,0,38006-2A
,,,,0,38006-2A
,,,,0,38006-2A
,,,,0,38006-2A
,,,,0,38006-2A
,,,,0,38006-2A
,,,,0,38006-2A
,,,,0,38006-2A
,,,,0,38006-2A
,,,,0,38006-2A
,,,,0,38006-2A
,,,,0,38006-2A
,,,,0,38006-2A
,,,,0,38006-2A
,,,,0,38006-2A
,,,,0,38006-2A
,,,,0,38006-2A
,,,,0,38006-2A
,,,,0,38006-2A
,,,,0,38006-2A
,,,,0,38006-2A
,,,,0,38006-2A
,,,,0,38006-2A
,,,,0,38006-2A
,,,,0,38006-2A
,,,,0,38006-2A
,,,,0,38006-2A
,,,,0,38006-2A
,,,,0,38006-2A
,,,,0,38006-2A
,,,,0,38006-2A
,,,,0,38006-2A
,,,,0,38006-2A
,,,,0,38006-2A
,,,,0,38006-2A
,,,,0,38006-2A
,,,,0,38006-2A
,,,,0,38006-2A
,,,,0,38006-2A
,,,,0,38006-2A
,,,,0,38006-2A
,,,,0,38006-2A
,,,,0,38006-2A
,,,,0,38006-2A
,,,,0,38006-2A
,,,,0,38006-2A
,,,,0,38006-2A
,,,,0,38006-2A
,,,,0,38006-2A
,,,,0,38006-2A
,,,,0,38006-2A
,,,,0,38006-2A
,,,,0,38006-2A
,,,,0,38006-2A
,,,,0,38006-2A
,,,,0,38006-2A
,,,,0,38006-2A
,,,,0,38006-2A
,,,,0,38006-2A
,,,,0,38006-2A
,,,,0,38006-2A
,,,,0,38006-2A
,,,,0,38006-2A
,,,,0,38006-2A
,,,,0,38006-2A
,,,,0,38006-2A
,,,,0,38006-2A
,,,,0,38006-2A
,,,,0,38006-2A
,,,,0,38006-2A
,,,,0,38006-2A
,,,,0,38006-2A
,,,,0,38006-2A
,,,,0,38006-2A
,,,,0,38006-2A
,,,,0,38006-2A
,,,,0,38006-2A
,,,,0,38006-2A
,,,,0,38006-2A
,,,,0,38006-2A
,,,,0,38006-2A
,,,,0,38006-2A
,,,,0,38006-2A
,,,,0,38006-2A
,,,,0,38006-2A
,,,,0,38006-2A
,,,,0,38006-2A
,,,,0,38006-2A
,,,,0,38006-2A
,,,,0,38006-2A
,,,,0,38006-2A
,,,,0,38006-2A
,,,,0,38006-2A
,,,,0,38006-2A
,,,,0,38006-2A
,,,,0,38006-2A
,,,,0,38006-2A
,,,,0,38006-2A
,,,,0,38006-2A
,,,,0,38006-2A
,,,,0,38006-2A
,,,,0,38006-2A
,,,,0,38006-2A
,,,,0,38006-2A
,,,,0,38006-2A
,,,,0,38006-2A
,,,,0,38006-2A
,,,,0,38006-2A
,,,,0,38006-2A
,,,,0,38006-2A
,,,,0,38006-2A
,,,,0,38006-2A
,,,,0,38006-2A
,,,,0,38006-2A
,,,,0,38006-2A
,,,,0,38006-2A
,,,,0,38006-2A
,,,,0,38006-2A
,,,,0,38006-2A
,,,,0,38006-2A
,,,,0,38006-2A
,,,,0,38006-2A
,,,,0,38006-2A
,,,,0,38006-2A
,,,,0,38006-2A
,,,,0,38006-2A
,,,,0,38006-2A
,,,,0,38006-2A
,,,,0,38006-2A
,,,,0,38006-2A
,,,,0,38006-2A
,,,,0,38006-2A
,,,,0,38006-2A
,,,,0,38006-2A
,,,,0,38006-2A
,,,,0,38006-2A
,,,,0,38006-2A
,,,,0,38006-2A
,,,,0,38006-2A
,,,,0,38006-2A
,,,,0,38006-2A
,,,,0,38006-2A
,,,,0,38006-2A
,,,,0,38006-2A
,,,,0,38006-2A
,,,,0,38006-2A
,,,,0,38006-2A
,,,,0,38006-2A
,,,,0,38006-2A
,,,,0,38006-2A
,,,,0,38006-2A
,,,,0,38006-2A
,,,,0,38006-2A
,,,,0,38006-2A
,,,,0,38006-2A
,,,,0,38006-2A
,,,,0,38006-2A
,,,,0,38006-2A
,,,,0,38006-2A
,,,,0,38006-2A
,,,,0,38006-2A
,,,,0,38006-2A
,,,,0,38006-2A
,,,,0,38006-2A
,,,,0,38006-2A
,,,,0,38006-2A
,,,,0,38006-2A
,,,,0,38006-2A
,,,,0,38006-2A
,,,,0,38006-2A
,,,,0,38006-2A
,,,,0,38006-2A
,,,,0,38006-2A
,,,,0,38006-2A
,,,,0,38006-2A
,,,,0,38006-2A
,,,,0,38006-2A
,,,,0,38006-2A
,,,,0,38006-2A
,,,,0,38006-2A
,,,,0,38006-2A
,,,,0,38006-2A
,,,,0,38006-2A
,,,,0,38006-2A
,,,,0,38006-2A
,,,,0,38006-2A
,,,,0,38006-2A
,,,,0,38006-2A
,,,,0,38006-2A
,,,,0,38006-2A
,,,,0,38006-2A
,,,,0,38006-2A
,,,,0,38006-2A
,,,,0,38006-2A
,,,,0,38006-2A
,,,,0,38006-2A
,,,,0,38006-2A
,,,,0,38006-2A
,,,,0,38006-2A
,,,,0,38006-2A
,,,,0,38006-2A
,,,,0,38006-2A
,,,,0,38006-2A
,,,,0,38006-2A
,,,,0,38006-2A
,,,,0,38006-2A
,,,,0,38006-2A
,,,,0,38006-2A
,,,,0,38006-2A
,,,,0,38006-2A
,,,,0,38006-2A
,,,,0,38006-2A
,,,,0,38006-2A
,,,,0,38006-2A
,,,,0,38006-2A
,,,,0,38006-2A
,,,,0,38006-2A
,,,,0,38006-2A
,,,,0,38006-2A
,,,,0,38006-2A
,,,,0,38006-2A
,,,,0,38006-2A
,,,,0,38006-2A
,,,,0,38006-2A
,,,,0,38006-2A
,,,,0,38006-2A
,,,,0,38006-2A
,,,,0,38006-2A
,,,,0,38006-2A
,,,,0,38006-2A
,,,,0,38006-2A
,,,,0,38006-2A
,,,,0,38006-2A
,,,,0,38006-2A
,,,,0,38006-2A
,,,,0,38006-2A
,,,,0,38006-2A
,,,,0,38006-2A
,,,,0,38006-2A
,,,,0,38006-2A
,,,,0,38006-2A
,,,,0,38006-2A
,,,,0,38006-2A
,,,,0,38006-2A
,,,,0,38006-2A
,,,,0,38006-2A
,,,,0,38006-2A
,,,,0,38006-2A
,,,,0,38006-2A
,,,,0,38006-2A
,,,,0,38006-2A
,,,,0,38006-2A
,,,,0,38006-2A
,,,,0,38006-2A
,,,,0,38006-2A
,,,,0,38006-2A
,,,,0,38006-2A
,,,,0,38006-2A
,,,,0,38006-2A
,,,,0,38006-2A
,,,,0,38006-2A
,,,,0,38006-2A
,,,,0,38006-2A
,,,,0,38006-2A
,,,,0,38006-2A
,,,,0,38006-2A
,,,,0,38006-2A
,,,,0,38006-2A
,,,,0,38006-2A
,,,,0,38006-2A
,,,,0,38006-2A
,,,,0,38006-2A
,,,,0,38006-2A
,,,,0,38006-2A
,,,,0,38006-2A
,,,,0,38006-2A
,,,,0,38006-2A
,,,,0,38006-2A
,,,,0,38006-2A
,,,,0,38006-2A
,,,,0,38006-2A
,,,,0,38006-2A
,,,,0,38006-2A
,,,,0,38006-2A
,,,,0,38006-2A
,,,,0,38006-2A
,,,,0,38006-2A
,,,,0,38006-2A
,,,,0,38006-2A
,,,,0,38006-2A
,,,,0,38006-2A
,,,,0,38006-2A
,,,,0,38006-2A
,,,,0,38006-2A
,,,,0,38006-2A
,,,,0,38006-2A
,,,,0,38006-2A
,,,,0,38006-2A
,,,,0,38006-2A
,,,,0,38006-2A
,,,,0,38006-2A
,,,,0,38006-2A
,,,,0,38006-2A
,,,,0,38006-2A
,,,,0,38006-2A
,,,,0,38006-2A
,,,,0,38006-2A
,,,,0,38006-2A
,,,,0,38006-2A
,,,,0,38006-2A
,,,,0,38006-2A
,,,,0,38006-2A
,,,,0,38006-2A
,,,,0,38006-2A
,,,,0,38006-2A
,,,,0,38006-2A
,,,,0,38006-2A
,,,,0,38006-2A
,,,,0,38006-2A
,,,,0,38006-2A
,,,,0,38006-2A
,,,,0,38006-2A
,,,,0,38006-2A
,,,,0,38006-2A
,,,,0,38006-2A
,,,,0,38006-2A
,,,,0,38006-2A
,,,,0,38006-2A
,,,,0,38006-2A
,,,,0,38006-2A
,,,,0,38006-2A
,,,,0,38006-2A
,,,,0,38006-2A
,,,,0,38006-2A
,,,,0,38006-2A
,,,,0,38006-2A
,,,,0,38006-2A
,,,,0,38006-2A
,,,,0,38006-2A
,,,,0,38006-2A
,,,,0,38006-2A
,,,,0,38006-2A
,,,,0,38006-2A
,,,,0,38006-2A
,,,,0,38006-2A
,,,,0,38006-2A
,,,,0,38006-2A
,,,,0,38006-2A
,,,,0,38006-2A
,,,,0,38006-2A
,,,,0,38006-2A
,,,,0,38006-2A
,,,,0,38006-2A
,,,,0,38006-2A
,,,,0,38006-2A
,,,,0,38006-2A
,,,,0,38006-2A
,,,,0,38006-2A
,,,,0,38006-2A
,,,,0,38006-2A
,,,,0,38006-2A
,,,,0,38006-2A
,,,,0,38006-2A
,,,,0,38006-2A
,,,,0,38006-2A
,,,,0,38006-2A
,,,,0,38006-2A
,,,,0,38006-2A
,,,,0,38006-2A
,,,,0,38006-2A
,,,,0,38006-2A
,,,,0,38006-2A
,,,,0,38006-2A
,,,,0,38006-2A
,,,,0,38006-2A
,,,,0,38006-2A
,,,,0,38006-2A
,,,,0,38006-2A
,,,,0,38006-2A
,,,,0,38006-2A
,,,,0,38006-2A
,,,,0,38006-2A
,,,,0,38006-2A
,,,,0,38006-2A
,,,,0,38006-2A
,,,,0,38006-2A
,,,,0,38006-2A
,,,,0,38006-2A
,,,,0,38006-2A
,,,,0,38006-2A
,,,,0,38006-2A
,,,,0,38006-2A
,,,,0,38006-2A
,,,,0,38006-2A
,,,,0,38006-2A
,,,,0,38006-2A
,,,,0,38006-2A
,,,,0,38006-2A
,,,,0,38006-2A
,,,,0,38006-2A
,,,,0,38006-2A
,,,,0,38006-2A
,,,,0,38006-2A
,,,,0,38006-2A
,,,,0,38006-2A
,,,,0,38006-2A
,,,,0,38006-2A
,,,,0,38006-2A
,,,,0,38006-2A
,,,,0,38006-2A
,,,,0,38006-2A
,,,,0,38006-2A
,,,,0,38006-2A
,,,,0,38006-2A
,,,,0,38006-2A
,,,,0,38006-2A
,,,,0,38006-2A
,,,,0,38006-2A
,,,,0,38006-2A
,,,,0,38006-2A
,,,,0,38006-2A
,,,,0,38006-2A
,,,,0,38006-2A
,,,,0,38006-2A
,,,,0,38006-2A
,,,,0,38006-2A
,,,,0,38006-2A
,,,,0,38006-2A
,,,,0,38006-2A
,,,,0,38006-2A
,,,,0,38006-2A
,,,,0,38006-2A
,,,,0,38006-2A
,,,,0,38006-2A
,,,,0,38006-2A
,,,,0,38006-2A
,,,,0,38006-2A
,,,,0,38006-2A
,,,,0,38006-2A
,,,,0,38006-2A
,,,,0,38006-2A
,,,,0,38006-2A
,,,,0,38006-2A
,,,,0,38006-2A
,,,,0,38006-2A
,,,,0,38006-2A
,,,,0,38006-2A
,,,,0,38006-2A
,,,,0,38006-2A
,,,,0,38006-2A
,,,,0,38006-2A
,,,,0,38006-2A
,,,,0,38006-2A
,,,,0,38006-2A
,,,,0,38006-2A
,,,,0,38006-2A
,,,,0,38006-2A
,,,,0,38006-2A
,,,,0,38006-2A
,,,,0,38006-2A
,,,,0,38006-2A
,,,,0,38006-2A
,,,,0,38006-2A
,,,,0,38006-2A
,,,,0,38006-2A
,,,,0,38006-2A
,,,,0,38006-2A
,,,,0,38006-2A
,,,,0,38006-2A
,,,,0,38006-2A
,,,,0,38006-2A
,,,,0,38006-2A
,,,,0,38006-2A
,,,,0,38006-2A
,,,,0,38006-2A
,,,,0,38006-2A
,,,,0,38006-2A
,,,,0,38006-2A
,,,,0,38006-2A
,,,,0,38006-2A
,,,,0,38006-2A
,,,,0,38006-2A
,,,,0,38006-2A
,,,,0,38006-2A
,,,,0,38006-2A
,,,,0,38006-2A
,,,,0,38006-2A
,,,,0,38006-2A
,,,,0,38006-2A
,,,,0,38006-2A
,,,,0,38006-2A
,,,,0,38006-2A
,,,,0,38006-2A
,,,,0,38006-2A
,,,,0,38006-2A
,,,,0,38006-2A
,,,,0,38006-2A
,,,,0,38006-2A
,,,,0,38006-2A
,,,,0,38006-2A
,,,,0,38006-2A
,,,,0,38006-2A
,,,,0,38006-2A
,,,,0,38006-2A
,,,,0,38006-2A
,,,,0,38006-2A
,,,,0,38006-2A
,,,,0,38006-2A
,,,,0,38006-2A
,,,,0,38006-2A
,,,,0,38006-2A
,,,,0,38006-2A
,,,,0,38006-2A
,,,,0,38006-2A
,,,,0,38006-2A
,,,,0,38006-2A
,,,,0,38006-2A
,,,,0,38006-2A
,,,,0,38006-2A
,,,,0,38006-2A
,,,,0,38006-2A
,,,,0,38006-2A
,,,,0,38006-2A
,,,,0,38006-2A
,,,,0,38006-2A
,,,,0,38006-2A
,,,,0,38006-2A
,,,,0,38006-2A
,,,,0,38006-2A
,,,,0,38006-2A
,,,,0,38006-2A
,,,,0,38006-2A
,,,,0,38006-2A
,,,,0,38006-2A
,,,,0,38006-2A
,,,,0,38006-2A
,,,,0,38006-2A
,,,,0,38006-2A
,,,,0,38006-2A
,,,,0,38006-2A
,,,,0,38006-2A
,,,,0,38006-2A
,,,,0,38006-2A
,,,,0,38006-2A
,,,,0,38006-2A
,,,,0,38006-2A
,,,,0,38006-2A
,,,,0,38006-2A
,,,,0,38006-2A
,,,,0,38006-2A
,,,,0,38006-2A
,,,,0,38006-2A
,,,,0,38006-2A
,,,,0,38006-2A
,,,,0,38006-2A
,,,,0,38006-2A
,,,,0,38006-2A
,,,,0,38006-2A
,,,,0,38006-2A
,,,,0,38006-2A
,,,,0,38006-2A
,,,,0,38006-2A
,,,,0,38006-2A
,,,,0,38006-2A
,,,,0,38006-2A
,,,,0,38006-2A
,,,,0,38006-2A
,,,,0,38006-2A
,,,,0,38006-2A
,,,,0,38006-2A
,,,,0,38006-2A
,,,,0,38006-2A
,,,,0,38006-2A
,,,,0,38006-2A
,,,,0,38006-2A
,,,,0,38006-2A
,,,,0,38006-2A
,,,,0,38006-2A
,,,,0,38006-2A
,,,,0,38006-2A
,,,,0,38006-2A
,,,,0,38006-2A
,,,,0,38006-2A
,,,,0,38006-2A
,,,,0,38006-2A
,,,,0,38006-2A
,,,,0,38006-2A
,,,,0,38006-2A
,,,,0,38006-2A
,,,,0,38006-2A
,,,,0,38006-2A
,,,,0,38006-2A
,,,,0,38006-2A
,,,,0,38006-2A
,,,,0,38006-2A
,,,,0,38006-2A
,,,,0,38006-2A
,,,,0,38006-2A
,,,,0,38006-2A
,,,,0,38006-2A
,,,,0,38006-2A
,,,,0,38006-2A
,,,,0,38006-2A
,,,,0,38006-2A
,,,,0,38006-2A
,,,,0,38006-2A
,,,,0,38006-2A
,,,,0,38006-2A
,,,,0,38006-2A
,,,,0,38006-2A
,,,,0,38006-2A
,,,,0,38006-2A
,,,,0,38006-2A
,,,,0,38006-2A
,,,,0,38006-2A
,,,,0,38006-2A
,,,,0,38006-2A
,,,,0,38006-2A
,,,,0,38006-2A
,,,,0,38006-2A
,,,,0,38006-2A
,,,,0,38006-2A
,,,,0,38006-2A
,,,,0,38006-2A
,,,,0,38006-2A
,,,,0,38006-2A
,,,,0,38006-2A
,,,,0,38006-2A
,,,,0,38006-2A
,,,,0,38006-2A
,,,,0,38006-2A
,,,,0,38006-2A
,,,,0,38006-2A
,,,,0,38006-2A
,,,,0,38006-2A
,,,,0,38006-2A
,,,,0,38006-2A
,,,,0,38006-2A
,,,,0,38006-2A
,,,,0,38006-2A
,,,,0,38006-2A
,,,,0,38006-2A
,,,,0,38006-2A
,,,,0,38006-2A
,,,,0,38006-2A
,,,,0,38006-2A
,,,,0,38006-2A
,,,,0,38006-2A
,,,,0,38006-2A
,,,,0,38006-2A
,,,,0,38006-2A
,,,,0,38006-2A
,,,,0,38006-2A
,,,,0,38006-2A
,,,,0,38006-2A
,,,,0,38006-2A
,,,,0,38006-2A
,,,,0,38006-2A
,,,,0,38006-2A
,,,,0,38006-2A
,,,,0,38006-2A
,,,,0,38006-2A
,,,,0,38006-2A
,,,,0,38006-2A
,,,,0,38006-2A
,,,,0,38006-2A
,,,,0,38006-2A
,,,,0,38006-2A
,,,,0,38006-2A
,,,,0,38006-2A
,,,,0,38006-2A
,,,,0,38006-2A
,,,,0,38006-2A
,,,,0,38006-2A
,,,,0,38006-2A
,,,,0,38006-2A
,,,,0,38006-2A
,,,,0,38006-2A
,,,,0,38006-2A
,,,,0,38006-2A
,,,,0,38006-2A
,,,,0,38006-2A
,,,,0,38006-2A
,,,,0,38006-2A
,,,,0,38006-2A
,,,,0,38006-2A
,,,,0,38006-2A
,,,,0,38006-2A
,,,,0,38006-2A
,,,,0,38006-2A
,,,,0,38006-2A
,,,,0,38006-2A
,,,,0,38006-2A
,,,,0,38006-2A
,,,,0,38006-2A
,,,,0,38006-2A
,,,,0,38006-2A
,,,,0,38006-2A
,,,,0,38006-2A
,,,,0,38006-2A
,,,,0,38006-2A
,,,,0,38006-2A
,,,,0,38006-2A
,,,,0,38006-2A
,,,,0,38006-2A
,,,,0,38006-2A
,,,,0,38006-2A
,,,,0,38006-2A
,,,,0,38006-2A
,,,,0,38006-2A
